ISO-10303-21;
HEADER;
/* Generated by software containing ST-Developer
 * from STEP Tools, Inc. (www.steptools.com) 
 */
/* OPTION: using custom renumber hook */

FILE_DESCRIPTION(
/* description */ ('STEP AP242 Edition 2',
'CAx-IF Rec.Pracs.---Representation and Presentation of Product Manufa
cturing Information (PMI)---4.0---2014-10-13',
'CAx-IF Rec.Pracs.---3D Tessellated Geometry---0.4---2014-09-14','2;1',
'CAx-IF Rec.Pracs.---User Defined Attributes---1.5---2016-08-15'),
/* implementation_level */ '2;1');

FILE_NAME(
/* name */ '6aaafe3ab6d6ef7686c7f3b7',
/* time_stamp */ '2026-09-16T20:38:19Z',
/* author */ (''),
/* organization */ (''),
/* preprocessor_version */ 'ST-DEVELOPER v20',
/* originating_system */ 'ONSHAPE BY PTC INC, 1.220',
/* authorisation */ '  ');

FILE_SCHEMA (('AP242_MANAGED_MODEL_BASED_3D_ENGINEERING_MIM_LF { 1 0 10303 442 3 1 4 }'));
ENDSEC;

DATA;
#10=CONTEXT_DEPENDENT_SHAPE_REPRESENTATION(#14,#3149);
#11=CONTEXT_DEPENDENT_SHAPE_REPRESENTATION(#15,#3151);
#12=NEXT_ASSEMBLY_USAGE_OCCURRENCE('NAUO1','casing_lid','casing_lid',#3152,
#3153,'');
#13=NEXT_ASSEMBLY_USAGE_OCCURRENCE('NAUO2','casing_bottom',
'casing_bottom',#3152,#3154,'');
#14=(
REPRESENTATION_RELATIONSHIP(' ',' ',#1856,#1855)
REPRESENTATION_RELATIONSHIP_WITH_TRANSFORMATION(#16)
SHAPE_REPRESENTATION_RELATIONSHIP()
);
#15=(
REPRESENTATION_RELATIONSHIP(' ',' ',#1857,#1855)
REPRESENTATION_RELATIONSHIP_WITH_TRANSFORMATION(#17)
SHAPE_REPRESENTATION_RELATIONSHIP()
);
#16=ITEM_DEFINED_TRANSFORMATION(' ',' ',#1858,#1923);
#17=ITEM_DEFINED_TRANSFORMATION(' ',' ',#1858,#2055);
#18=SHAPE_REPRESENTATION_RELATIONSHIP('','',#1856,#20);
#19=SHAPE_REPRESENTATION_RELATIONSHIP('','',#1857,#21);
#20=ADVANCED_BREP_SHAPE_REPRESENTATION('',(#1850),#3139);
#21=ADVANCED_BREP_SHAPE_REPRESENTATION('',(#1851),#3140);
#22=CONICAL_SURFACE('',#1904,0.01425,0.785398163397446);
#23=CONICAL_SURFACE('',#1905,0.01425,0.785398163397446);
#24=CONICAL_SURFACE('',#1908,0.01425,0.78539816339745);
#25=CONICAL_SURFACE('',#1909,0.01425,0.785398163397446);
#26=CONICAL_SURFACE('',#1912,0.0095,0.785398163397446);
#27=CONICAL_SURFACE('',#1913,0.0095,0.785398163397446);
#28=CONICAL_SURFACE('',#1916,0.0095,0.785398163397446);
#29=CONICAL_SURFACE('',#1917,0.0095,0.785398163397446);
#30=CONICAL_SURFACE('',#1960,0.008475,0.785398163397449);
#31=CONICAL_SURFACE('',#2031,0.00215,0.785398163397448);
#32=CONICAL_SURFACE('',#2032,0.00265,0.785398163397448);
#33=CONICAL_SURFACE('',#2033,0.00265,0.785398163397448);
#34=CONICAL_SURFACE('',#2034,0.00215,0.785398163397448);
#35=CONICAL_SURFACE('',#2036,0.01425,0.785398163397446);
#36=CONICAL_SURFACE('',#2037,0.01425,0.785398163397446);
#37=CONICAL_SURFACE('',#2040,0.01425,0.785398163397446);
#38=CONICAL_SURFACE('',#2041,0.01425,0.785398163397446);
#39=CONICAL_SURFACE('',#2044,0.0095,0.785398163397446);
#40=CONICAL_SURFACE('',#2045,0.0095,0.785398163397446);
#41=CONICAL_SURFACE('',#2048,0.0095,0.78539816339745);
#42=CONICAL_SURFACE('',#2049,0.0095,0.785398163397446);
#43=CYLINDRICAL_SURFACE('',#1890,0.00215);
#44=CYLINDRICAL_SURFACE('',#1891,0.00215);
#45=CYLINDRICAL_SURFACE('',#1892,0.00215);
#46=CYLINDRICAL_SURFACE('',#1893,0.00215);
#47=CYLINDRICAL_SURFACE('',#1919,0.015);
#48=CYLINDRICAL_SURFACE('',#1920,0.015);
#49=CYLINDRICAL_SURFACE('',#1921,0.015);
#50=CYLINDRICAL_SURFACE('',#1922,0.015);
#51=CYLINDRICAL_SURFACE('',#1956,0.007475);
#52=CYLINDRICAL_SURFACE('',#1985,0.002);
#53=CYLINDRICAL_SURFACE('',#1989,0.002);
#54=CYLINDRICAL_SURFACE('',#1993,0.002);
#55=CYLINDRICAL_SURFACE('',#1997,0.002);
#56=CYLINDRICAL_SURFACE('',#1999,0.01);
#57=CYLINDRICAL_SURFACE('',#2001,0.01);
#58=CYLINDRICAL_SURFACE('',#2003,0.01);
#59=CYLINDRICAL_SURFACE('',#2005,0.01);
#60=CYLINDRICAL_SURFACE('',#2007,0.01375);
#61=CYLINDRICAL_SURFACE('',#2009,0.01375);
#62=CYLINDRICAL_SURFACE('',#2011,0.01375);
#63=CYLINDRICAL_SURFACE('',#2013,0.01375);
#64=CYLINDRICAL_SURFACE('',#2015,0.00215);
#65=CYLINDRICAL_SURFACE('',#2019,0.00215);
#66=CYLINDRICAL_SURFACE('',#2023,0.00215);
#67=CYLINDRICAL_SURFACE('',#2027,0.00215);
#68=CYLINDRICAL_SURFACE('',#2051,0.015);
#69=CYLINDRICAL_SURFACE('',#2052,0.015);
#70=CYLINDRICAL_SURFACE('',#2053,0.015);
#71=CYLINDRICAL_SURFACE('',#2054,0.015);
#72=LINE('',#2617,#232);
#73=LINE('',#2621,#233);
#74=LINE('',#2625,#234);
#75=LINE('',#2629,#235);
#76=LINE('',#2630,#236);
#77=LINE('',#2635,#237);
#78=LINE('',#2639,#238);
#79=LINE('',#2643,#239);
#80=LINE('',#2653,#240);
#81=LINE('',#2658,#241);
#82=LINE('',#2662,#242);
#83=LINE('',#2666,#243);
#84=LINE('',#2675,#244);
#85=LINE('',#2679,#245);
#86=LINE('',#2683,#246);
#87=LINE('',#2687,#247);
#88=LINE('',#2697,#248);
#89=LINE('',#2698,#249);
#90=LINE('',#2700,#250);
#91=LINE('',#2701,#251);
#92=LINE('',#2703,#252);
#93=LINE('',#2704,#253);
#94=LINE('',#2706,#254);
#95=LINE('',#2707,#255);
#96=LINE('',#2713,#256);
#97=LINE('',#2718,#257);
#98=LINE('',#2722,#258);
#99=LINE('',#2726,#259);
#100=LINE('',#2729,#260);
#101=LINE('',#2734,#261);
#102=LINE('',#2738,#262);
#103=LINE('',#2742,#263);
#104=LINE('',#2746,#264);
#105=LINE('',#2747,#265);
#106=LINE('',#2749,#266);
#107=LINE('',#2751,#267);
#108=LINE('',#2753,#268);
#109=LINE('',#2755,#269);
#110=LINE('',#2757,#270);
#111=LINE('',#2759,#271);
#112=LINE('',#2762,#272);
#113=LINE('',#2763,#273);
#114=LINE('',#2765,#274);
#115=LINE('',#2767,#275);
#116=LINE('',#2769,#276);
#117=LINE('',#2771,#277);
#118=LINE('',#2773,#278);
#119=LINE('',#2775,#279);
#120=LINE('',#2786,#280);
#121=LINE('',#2790,#281);
#122=LINE('',#2794,#282);
#123=LINE('',#2798,#283);
#124=LINE('',#2807,#284);
#125=LINE('',#2812,#285);
#126=LINE('',#2814,#286);
#127=LINE('',#2816,#287);
#128=LINE('',#2820,#288);
#129=LINE('',#2822,#289);
#130=LINE('',#2824,#290);
#131=LINE('',#2828,#291);
#132=LINE('',#2830,#292);
#133=LINE('',#2832,#293);
#134=LINE('',#2836,#294);
#135=LINE('',#2838,#295);
#136=LINE('',#2840,#296);
#137=LINE('',#2843,#297);
#138=LINE('',#2845,#298);
#139=LINE('',#2847,#299);
#140=LINE('',#2849,#300);
#141=LINE('',#2852,#301);
#142=LINE('',#2854,#302);
#143=LINE('',#2856,#303);
#144=LINE('',#2858,#304);
#145=LINE('',#2861,#305);
#146=LINE('',#2863,#306);
#147=LINE('',#2865,#307);
#148=LINE('',#2867,#308);
#149=LINE('',#2870,#309);
#150=LINE('',#2872,#310);
#151=LINE('',#2874,#311);
#152=LINE('',#2879,#312);
#153=LINE('',#2883,#313);
#154=LINE('',#2887,#314);
#155=LINE('',#2891,#315);
#156=LINE('',#2911,#316);
#157=LINE('',#2914,#317);
#158=LINE('',#2916,#318);
#159=LINE('',#2918,#319);
#160=LINE('',#2920,#320);
#161=LINE('',#2923,#321);
#162=LINE('',#2925,#322);
#163=LINE('',#2927,#323);
#164=LINE('',#2929,#324);
#165=LINE('',#2932,#325);
#166=LINE('',#2934,#326);
#167=LINE('',#2936,#327);
#168=LINE('',#2938,#328);
#169=LINE('',#2941,#329);
#170=LINE('',#2943,#330);
#171=LINE('',#2945,#331);
#172=LINE('',#2947,#332);
#173=LINE('',#2950,#333);
#174=LINE('',#2952,#334);
#175=LINE('',#2954,#335);
#176=LINE('',#2956,#336);
#177=LINE('',#2959,#337);
#178=LINE('',#2961,#338);
#179=LINE('',#2963,#339);
#180=LINE('',#2965,#340);
#181=LINE('',#2968,#341);
#182=LINE('',#2970,#342);
#183=LINE('',#2972,#343);
#184=LINE('',#2974,#344);
#185=LINE('',#2977,#345);
#186=LINE('',#2979,#346);
#187=LINE('',#2981,#347);
#188=LINE('',#2992,#348);
#189=LINE('',#2995,#349);
#190=LINE('',#2999,#350);
#191=LINE('',#3001,#351);
#192=LINE('',#3003,#352);
#193=LINE('',#3007,#353);
#194=LINE('',#3009,#354);
#195=LINE('',#3011,#355);
#196=LINE('',#3015,#356);
#197=LINE('',#3017,#357);
#198=LINE('',#3019,#358);
#199=LINE('',#3023,#359);
#200=LINE('',#3025,#360);
#201=LINE('',#3026,#361);
#202=LINE('',#3028,#362);
#203=LINE('',#3030,#363);
#204=LINE('',#3032,#364);
#205=LINE('',#3034,#365);
#206=LINE('',#3036,#366);
#207=LINE('',#3038,#367);
#208=LINE('',#3040,#368);
#209=LINE('',#3042,#369);
#210=LINE('',#3044,#370);
#211=LINE('',#3046,#371);
#212=LINE('',#3048,#372);
#213=LINE('',#3050,#373);
#214=LINE('',#3052,#374);
#215=LINE('',#3054,#375);
#216=LINE('',#3101,#376);
#217=LINE('',#3102,#377);
#218=LINE('',#3104,#378);
#219=LINE('',#3106,#379);
#220=LINE('',#3108,#380);
#221=LINE('',#3110,#381);
#222=LINE('',#3112,#382);
#223=LINE('',#3114,#383);
#224=LINE('',#3117,#384);
#225=LINE('',#3118,#385);
#226=LINE('',#3120,#386);
#227=LINE('',#3122,#387);
#228=LINE('',#3124,#388);
#229=LINE('',#3126,#389);
#230=LINE('',#3128,#390);
#231=LINE('',#3130,#391);
#232=VECTOR('',#2062,1.);
#233=VECTOR('',#2065,1.);
#234=VECTOR('',#2068,1.);
#235=VECTOR('',#2071,1.);
#236=VECTOR('',#2072,1.);
#237=VECTOR('',#2075,1.);
#238=VECTOR('',#2078,1.);
#239=VECTOR('',#2081,1.);
#240=VECTOR('',#2092,1.);
#241=VECTOR('',#2095,1.);
#242=VECTOR('',#2098,1.);
#243=VECTOR('',#2101,1.);
#244=VECTOR('',#2110,1.);
#245=VECTOR('',#2113,1.);
#246=VECTOR('',#2116,1.);
#247=VECTOR('',#2119,1.);
#248=VECTOR('',#2130,1.);
#249=VECTOR('',#2131,1.);
#250=VECTOR('',#2134,1.);
#251=VECTOR('',#2135,1.);
#252=VECTOR('',#2138,1.);
#253=VECTOR('',#2139,1.);
#254=VECTOR('',#2142,1.);
#255=VECTOR('',#2143,1.);
#256=VECTOR('',#2154,1.);
#257=VECTOR('',#2157,1.);
#258=VECTOR('',#2160,1.);
#259=VECTOR('',#2163,1.);
#260=VECTOR('',#2166,1.);
#261=VECTOR('',#2169,1.);
#262=VECTOR('',#2172,1.);
#263=VECTOR('',#2175,1.);
#264=VECTOR('',#2180,1.);
#265=VECTOR('',#2181,1.);
#266=VECTOR('',#2184,1.);
#267=VECTOR('',#2187,1.);
#268=VECTOR('',#2190,1.);
#269=VECTOR('',#2193,1.);
#270=VECTOR('',#2196,1.);
#271=VECTOR('',#2199,1.);
#272=VECTOR('',#2204,1.);
#273=VECTOR('',#2205,1.);
#274=VECTOR('',#2208,1.);
#275=VECTOR('',#2211,1.);
#276=VECTOR('',#2214,1.);
#277=VECTOR('',#2217,1.);
#278=VECTOR('',#2220,1.);
#279=VECTOR('',#2223,1.);
#280=VECTOR('',#2240,1.);
#281=VECTOR('',#2243,1.);
#282=VECTOR('',#2246,1.);
#283=VECTOR('',#2249,1.);
#284=VECTOR('',#2258,1.);
#285=VECTOR('',#2261,1.);
#286=VECTOR('',#2262,1.);
#287=VECTOR('',#2263,1.);
#288=VECTOR('',#2266,1.);
#289=VECTOR('',#2267,1.);
#290=VECTOR('',#2268,1.);
#291=VECTOR('',#2271,1.);
#292=VECTOR('',#2272,1.);
#293=VECTOR('',#2273,1.);
#294=VECTOR('',#2276,1.);
#295=VECTOR('',#2277,1.);
#296=VECTOR('',#2280,1.);
#297=VECTOR('',#2281,1.);
#298=VECTOR('',#2282,1.);
#299=VECTOR('',#2283,1.);
#300=VECTOR('',#2286,1.);
#301=VECTOR('',#2287,1.);
#302=VECTOR('',#2288,1.);
#303=VECTOR('',#2289,1.);
#304=VECTOR('',#2292,1.);
#305=VECTOR('',#2293,1.);
#306=VECTOR('',#2294,1.);
#307=VECTOR('',#2295,1.);
#308=VECTOR('',#2298,1.);
#309=VECTOR('',#2299,1.);
#310=VECTOR('',#2300,1.);
#311=VECTOR('',#2301,1.);
#312=VECTOR('',#2306,1.);
#313=VECTOR('',#2309,1.);
#314=VECTOR('',#2312,1.);
#315=VECTOR('',#2315,1.);
#316=VECTOR('',#2348,1.);
#317=VECTOR('',#2349,1.);
#318=VECTOR('',#2350,1.);
#319=VECTOR('',#2351,1.);
#320=VECTOR('',#2354,1.);
#321=VECTOR('',#2355,1.);
#322=VECTOR('',#2356,1.);
#323=VECTOR('',#2357,1.);
#324=VECTOR('',#2360,1.);
#325=VECTOR('',#2361,1.);
#326=VECTOR('',#2362,1.);
#327=VECTOR('',#2363,1.);
#328=VECTOR('',#2366,1.);
#329=VECTOR('',#2367,1.);
#330=VECTOR('',#2368,1.);
#331=VECTOR('',#2369,1.);
#332=VECTOR('',#2372,1.);
#333=VECTOR('',#2373,1.);
#334=VECTOR('',#2374,1.);
#335=VECTOR('',#2375,1.);
#336=VECTOR('',#2378,1.);
#337=VECTOR('',#2379,1.);
#338=VECTOR('',#2380,1.);
#339=VECTOR('',#2381,1.);
#340=VECTOR('',#2384,1.);
#341=VECTOR('',#2385,1.);
#342=VECTOR('',#2386,1.);
#343=VECTOR('',#2387,1.);
#344=VECTOR('',#2390,1.);
#345=VECTOR('',#2391,1.);
#346=VECTOR('',#2392,1.);
#347=VECTOR('',#2393,1.);
#348=VECTOR('',#2414,1.);
#349=VECTOR('',#2415,1.);
#350=VECTOR('',#2418,1.);
#351=VECTOR('',#2419,1.);
#352=VECTOR('',#2420,1.);
#353=VECTOR('',#2423,1.);
#354=VECTOR('',#2424,1.);
#355=VECTOR('',#2425,1.);
#356=VECTOR('',#2428,1.);
#357=VECTOR('',#2429,1.);
#358=VECTOR('',#2430,1.);
#359=VECTOR('',#2433,1.);
#360=VECTOR('',#2436,1.);
#361=VECTOR('',#2437,1.);
#362=VECTOR('',#2440,1.);
#363=VECTOR('',#2443,1.);
#364=VECTOR('',#2446,1.);
#365=VECTOR('',#2449,1.);
#366=VECTOR('',#2452,1.);
#367=VECTOR('',#2455,1.);
#368=VECTOR('',#2458,1.);
#369=VECTOR('',#2461,1.);
#370=VECTOR('',#2464,1.);
#371=VECTOR('',#2467,1.);
#372=VECTOR('',#2470,1.);
#373=VECTOR('',#2473,1.);
#374=VECTOR('',#2476,1.);
#375=VECTOR('',#2479,1.);
#376=VECTOR('',#2556,1.);
#377=VECTOR('',#2557,1.);
#378=VECTOR('',#2560,1.);
#379=VECTOR('',#2563,1.);
#380=VECTOR('',#2566,1.);
#381=VECTOR('',#2569,1.);
#382=VECTOR('',#2572,1.);
#383=VECTOR('',#2575,1.);
#384=VECTOR('',#2580,1.);
#385=VECTOR('',#2581,1.);
#386=VECTOR('',#2584,1.);
#387=VECTOR('',#2587,1.);
#388=VECTOR('',#2590,1.);
#389=VECTOR('',#2593,1.);
#390=VECTOR('',#2596,1.);
#391=VECTOR('',#2599,1.);
#392=ORIENTED_EDGE('',*,*,#886,.T.);
#393=ORIENTED_EDGE('',*,*,#887,.T.);
#394=ORIENTED_EDGE('',*,*,#888,.T.);
#395=ORIENTED_EDGE('',*,*,#889,.T.);
#396=ORIENTED_EDGE('',*,*,#890,.T.);
#397=ORIENTED_EDGE('',*,*,#891,.T.);
#398=ORIENTED_EDGE('',*,*,#892,.T.);
#399=ORIENTED_EDGE('',*,*,#893,.T.);
#400=ORIENTED_EDGE('',*,*,#894,.T.);
#401=ORIENTED_EDGE('',*,*,#895,.T.);
#402=ORIENTED_EDGE('',*,*,#896,.F.);
#403=ORIENTED_EDGE('',*,*,#897,.T.);
#404=ORIENTED_EDGE('',*,*,#898,.F.);
#405=ORIENTED_EDGE('',*,*,#899,.T.);
#406=ORIENTED_EDGE('',*,*,#900,.T.);
#407=ORIENTED_EDGE('',*,*,#901,.T.);
#408=ORIENTED_EDGE('',*,*,#902,.T.);
#409=ORIENTED_EDGE('',*,*,#903,.F.);
#410=ORIENTED_EDGE('',*,*,#904,.F.);
#411=ORIENTED_EDGE('',*,*,#905,.T.);
#412=ORIENTED_EDGE('',*,*,#906,.T.);
#413=ORIENTED_EDGE('',*,*,#907,.F.);
#414=ORIENTED_EDGE('',*,*,#908,.T.);
#415=ORIENTED_EDGE('',*,*,#909,.F.);
#416=ORIENTED_EDGE('',*,*,#910,.T.);
#417=ORIENTED_EDGE('',*,*,#911,.T.);
#418=ORIENTED_EDGE('',*,*,#912,.T.);
#419=ORIENTED_EDGE('',*,*,#913,.T.);
#420=ORIENTED_EDGE('',*,*,#914,.T.);
#421=ORIENTED_EDGE('',*,*,#915,.T.);
#422=ORIENTED_EDGE('',*,*,#916,.T.);
#423=ORIENTED_EDGE('',*,*,#917,.T.);
#424=ORIENTED_EDGE('',*,*,#918,.T.);
#425=ORIENTED_EDGE('',*,*,#919,.T.);
#426=ORIENTED_EDGE('',*,*,#920,.T.);
#427=ORIENTED_EDGE('',*,*,#921,.T.);
#428=ORIENTED_EDGE('',*,*,#922,.T.);
#429=ORIENTED_EDGE('',*,*,#923,.T.);
#430=ORIENTED_EDGE('',*,*,#924,.F.);
#431=ORIENTED_EDGE('',*,*,#925,.F.);
#432=ORIENTED_EDGE('',*,*,#909,.T.);
#433=ORIENTED_EDGE('',*,*,#926,.T.);
#434=ORIENTED_EDGE('',*,*,#900,.F.);
#435=ORIENTED_EDGE('',*,*,#927,.T.);
#436=ORIENTED_EDGE('',*,*,#911,.F.);
#437=ORIENTED_EDGE('',*,*,#928,.T.);
#438=ORIENTED_EDGE('',*,*,#898,.T.);
#439=ORIENTED_EDGE('',*,*,#929,.T.);
#440=ORIENTED_EDGE('',*,*,#896,.T.);
#441=ORIENTED_EDGE('',*,*,#930,.T.);
#442=ORIENTED_EDGE('',*,*,#905,.F.);
#443=ORIENTED_EDGE('',*,*,#931,.T.);
#444=ORIENTED_EDGE('',*,*,#907,.T.);
#445=ORIENTED_EDGE('',*,*,#932,.T.);
#446=ORIENTED_EDGE('',*,*,#894,.F.);
#447=ORIENTED_EDGE('',*,*,#933,.T.);
#448=ORIENTED_EDGE('',*,*,#904,.T.);
#449=ORIENTED_EDGE('',*,*,#923,.F.);
#450=ORIENTED_EDGE('',*,*,#903,.T.);
#451=ORIENTED_EDGE('',*,*,#922,.F.);
#452=ORIENTED_EDGE('',*,*,#902,.F.);
#453=ORIENTED_EDGE('',*,*,#924,.T.);
#454=ORIENTED_EDGE('',*,*,#913,.F.);
#455=ORIENTED_EDGE('',*,*,#925,.T.);
#456=ORIENTED_EDGE('',*,*,#934,.F.);
#457=ORIENTED_EDGE('',*,*,#935,.T.);
#458=ORIENTED_EDGE('',*,*,#936,.F.);
#459=ORIENTED_EDGE('',*,*,#937,.T.);
#460=ORIENTED_EDGE('',*,*,#938,.F.);
#461=ORIENTED_EDGE('',*,*,#939,.T.);
#462=ORIENTED_EDGE('',*,*,#940,.T.);
#463=ORIENTED_EDGE('',*,*,#941,.T.);
#464=ORIENTED_EDGE('',*,*,#942,.T.);
#465=ORIENTED_EDGE('',*,*,#943,.T.);
#466=ORIENTED_EDGE('',*,*,#944,.T.);
#467=ORIENTED_EDGE('',*,*,#945,.T.);
#468=ORIENTED_EDGE('',*,*,#946,.T.);
#469=ORIENTED_EDGE('',*,*,#947,.T.);
#470=ORIENTED_EDGE('',*,*,#948,.F.);
#471=ORIENTED_EDGE('',*,*,#949,.T.);
#472=ORIENTED_EDGE('',*,*,#950,.F.);
#473=ORIENTED_EDGE('',*,*,#940,.F.);
#474=ORIENTED_EDGE('',*,*,#951,.F.);
#475=ORIENTED_EDGE('',*,*,#891,.F.);
#476=ORIENTED_EDGE('',*,*,#951,.T.);
#477=ORIENTED_EDGE('',*,*,#939,.F.);
#478=ORIENTED_EDGE('',*,*,#952,.F.);
#479=ORIENTED_EDGE('',*,*,#892,.F.);
#480=ORIENTED_EDGE('',*,*,#950,.T.);
#481=ORIENTED_EDGE('',*,*,#890,.F.);
#482=ORIENTED_EDGE('',*,*,#953,.F.);
#483=ORIENTED_EDGE('',*,*,#941,.F.);
#484=ORIENTED_EDGE('',*,*,#952,.T.);
#485=ORIENTED_EDGE('',*,*,#938,.T.);
#486=ORIENTED_EDGE('',*,*,#954,.F.);
#487=ORIENTED_EDGE('',*,*,#893,.F.);
#488=ORIENTED_EDGE('',*,*,#953,.T.);
#489=ORIENTED_EDGE('',*,*,#889,.F.);
#490=ORIENTED_EDGE('',*,*,#955,.F.);
#491=ORIENTED_EDGE('',*,*,#934,.T.);
#492=ORIENTED_EDGE('',*,*,#954,.T.);
#493=ORIENTED_EDGE('',*,*,#937,.F.);
#494=ORIENTED_EDGE('',*,*,#956,.F.);
#495=ORIENTED_EDGE('',*,*,#886,.F.);
#496=ORIENTED_EDGE('',*,*,#955,.T.);
#497=ORIENTED_EDGE('',*,*,#888,.F.);
#498=ORIENTED_EDGE('',*,*,#957,.F.);
#499=ORIENTED_EDGE('',*,*,#935,.F.);
#500=ORIENTED_EDGE('',*,*,#956,.T.);
#501=ORIENTED_EDGE('',*,*,#936,.T.);
#502=ORIENTED_EDGE('',*,*,#957,.T.);
#503=ORIENTED_EDGE('',*,*,#887,.F.);
#504=ORIENTED_EDGE('',*,*,#958,.F.);
#505=ORIENTED_EDGE('',*,*,#919,.F.);
#506=ORIENTED_EDGE('',*,*,#959,.F.);
#507=ORIENTED_EDGE('',*,*,#946,.F.);
#508=ORIENTED_EDGE('',*,*,#959,.T.);
#509=ORIENTED_EDGE('',*,*,#918,.F.);
#510=ORIENTED_EDGE('',*,*,#960,.F.);
#511=ORIENTED_EDGE('',*,*,#947,.F.);
#512=ORIENTED_EDGE('',*,*,#958,.T.);
#513=ORIENTED_EDGE('',*,*,#945,.F.);
#514=ORIENTED_EDGE('',*,*,#961,.F.);
#515=ORIENTED_EDGE('',*,*,#920,.F.);
#516=ORIENTED_EDGE('',*,*,#960,.T.);
#517=ORIENTED_EDGE('',*,*,#917,.F.);
#518=ORIENTED_EDGE('',*,*,#962,.F.);
#519=ORIENTED_EDGE('',*,*,#948,.T.);
#520=ORIENTED_EDGE('',*,*,#961,.T.);
#521=ORIENTED_EDGE('',*,*,#944,.F.);
#522=ORIENTED_EDGE('',*,*,#963,.F.);
#523=ORIENTED_EDGE('',*,*,#921,.F.);
#524=ORIENTED_EDGE('',*,*,#962,.T.);
#525=ORIENTED_EDGE('',*,*,#916,.F.);
#526=ORIENTED_EDGE('',*,*,#964,.F.);
#527=ORIENTED_EDGE('',*,*,#949,.F.);
#528=ORIENTED_EDGE('',*,*,#963,.T.);
#529=ORIENTED_EDGE('',*,*,#943,.F.);
#530=ORIENTED_EDGE('',*,*,#965,.F.);
#531=ORIENTED_EDGE('',*,*,#914,.F.);
#532=ORIENTED_EDGE('',*,*,#964,.T.);
#533=ORIENTED_EDGE('',*,*,#915,.F.);
#534=ORIENTED_EDGE('',*,*,#965,.T.);
#535=ORIENTED_EDGE('',*,*,#942,.F.);
#536=ORIENTED_EDGE('',*,*,#906,.F.);
#537=ORIENTED_EDGE('',*,*,#930,.F.);
#538=ORIENTED_EDGE('',*,*,#895,.F.);
#539=ORIENTED_EDGE('',*,*,#932,.F.);
#540=ORIENTED_EDGE('',*,*,#908,.F.);
#541=ORIENTED_EDGE('',*,*,#933,.F.);
#542=ORIENTED_EDGE('',*,*,#901,.F.);
#543=ORIENTED_EDGE('',*,*,#926,.F.);
#544=ORIENTED_EDGE('',*,*,#910,.F.);
#545=ORIENTED_EDGE('',*,*,#927,.F.);
#546=ORIENTED_EDGE('',*,*,#899,.F.);
#547=ORIENTED_EDGE('',*,*,#928,.F.);
#548=ORIENTED_EDGE('',*,*,#912,.F.);
#549=ORIENTED_EDGE('',*,*,#929,.F.);
#550=ORIENTED_EDGE('',*,*,#897,.F.);
#551=ORIENTED_EDGE('',*,*,#931,.F.);
#552=ORIENTED_EDGE('',*,*,#966,.T.);
#553=ORIENTED_EDGE('',*,*,#967,.T.);
#554=ORIENTED_EDGE('',*,*,#968,.T.);
#555=ORIENTED_EDGE('',*,*,#969,.T.);
#556=ORIENTED_EDGE('',*,*,#970,.T.);
#557=ORIENTED_EDGE('',*,*,#971,.T.);
#558=ORIENTED_EDGE('',*,*,#972,.T.);
#559=ORIENTED_EDGE('',*,*,#973,.T.);
#560=ORIENTED_EDGE('',*,*,#974,.T.);
#561=ORIENTED_EDGE('',*,*,#975,.T.);
#562=ORIENTED_EDGE('',*,*,#976,.T.);
#563=ORIENTED_EDGE('',*,*,#977,.T.);
#564=ORIENTED_EDGE('',*,*,#978,.T.);
#565=ORIENTED_EDGE('',*,*,#979,.T.);
#566=ORIENTED_EDGE('',*,*,#980,.F.);
#567=ORIENTED_EDGE('',*,*,#981,.T.);
#568=ORIENTED_EDGE('',*,*,#982,.T.);
#569=ORIENTED_EDGE('',*,*,#983,.T.);
#570=ORIENTED_EDGE('',*,*,#984,.F.);
#571=ORIENTED_EDGE('',*,*,#985,.T.);
#572=ORIENTED_EDGE('',*,*,#986,.T.);
#573=ORIENTED_EDGE('',*,*,#987,.T.);
#574=ORIENTED_EDGE('',*,*,#988,.F.);
#575=ORIENTED_EDGE('',*,*,#989,.F.);
#576=ORIENTED_EDGE('',*,*,#990,.T.);
#577=ORIENTED_EDGE('',*,*,#991,.T.);
#578=ORIENTED_EDGE('',*,*,#992,.F.);
#579=ORIENTED_EDGE('',*,*,#993,.F.);
#580=ORIENTED_EDGE('',*,*,#994,.T.);
#581=ORIENTED_EDGE('',*,*,#995,.T.);
#582=ORIENTED_EDGE('',*,*,#996,.F.);
#583=ORIENTED_EDGE('',*,*,#997,.T.);
#584=ORIENTED_EDGE('',*,*,#998,.F.);
#585=ORIENTED_EDGE('',*,*,#999,.T.);
#586=ORIENTED_EDGE('',*,*,#1000,.T.);
#587=ORIENTED_EDGE('',*,*,#1001,.T.);
#588=ORIENTED_EDGE('',*,*,#1002,.F.);
#589=ORIENTED_EDGE('',*,*,#1003,.T.);
#590=ORIENTED_EDGE('',*,*,#1004,.T.);
#591=ORIENTED_EDGE('',*,*,#1005,.T.);
#592=ORIENTED_EDGE('',*,*,#1006,.F.);
#593=ORIENTED_EDGE('',*,*,#1007,.T.);
#594=ORIENTED_EDGE('',*,*,#1008,.T.);
#595=ORIENTED_EDGE('',*,*,#1009,.T.);
#596=ORIENTED_EDGE('',*,*,#1010,.T.);
#597=ORIENTED_EDGE('',*,*,#1011,.T.);
#598=ORIENTED_EDGE('',*,*,#1012,.T.);
#599=ORIENTED_EDGE('',*,*,#1013,.T.);
#600=ORIENTED_EDGE('',*,*,#1014,.T.);
#601=ORIENTED_EDGE('',*,*,#1015,.T.);
#602=ORIENTED_EDGE('',*,*,#1016,.T.);
#603=ORIENTED_EDGE('',*,*,#1017,.T.);
#604=ORIENTED_EDGE('',*,*,#996,.T.);
#605=ORIENTED_EDGE('',*,*,#1018,.T.);
#606=ORIENTED_EDGE('',*,*,#998,.T.);
#607=ORIENTED_EDGE('',*,*,#1019,.T.);
#608=ORIENTED_EDGE('',*,*,#1004,.F.);
#609=ORIENTED_EDGE('',*,*,#1020,.T.);
#610=ORIENTED_EDGE('',*,*,#1008,.F.);
#611=ORIENTED_EDGE('',*,*,#1021,.T.);
#612=ORIENTED_EDGE('',*,*,#1022,.T.);
#613=ORIENTED_EDGE('',*,*,#1000,.F.);
#614=ORIENTED_EDGE('',*,*,#1023,.T.);
#615=ORIENTED_EDGE('',*,*,#994,.F.);
#616=ORIENTED_EDGE('',*,*,#1024,.T.);
#617=ORIENTED_EDGE('',*,*,#1006,.T.);
#618=ORIENTED_EDGE('',*,*,#1025,.T.);
#619=ORIENTED_EDGE('',*,*,#1002,.T.);
#620=ORIENTED_EDGE('',*,*,#1026,.T.);
#621=ORIENTED_EDGE('',*,*,#1027,.T.);
#622=ORIENTED_EDGE('',*,*,#1028,.T.);
#623=ORIENTED_EDGE('',*,*,#1028,.F.);
#624=ORIENTED_EDGE('',*,*,#1027,.F.);
#625=ORIENTED_EDGE('',*,*,#1022,.F.);
#626=ORIENTED_EDGE('',*,*,#1029,.T.);
#627=ORIENTED_EDGE('',*,*,#1030,.T.);
#628=ORIENTED_EDGE('',*,*,#1031,.T.);
#629=ORIENTED_EDGE('',*,*,#1032,.T.);
#630=ORIENTED_EDGE('',*,*,#1033,.T.);
#631=ORIENTED_EDGE('',*,*,#1034,.T.);
#632=ORIENTED_EDGE('',*,*,#1035,.T.);
#633=ORIENTED_EDGE('',*,*,#1036,.T.);
#634=ORIENTED_EDGE('',*,*,#1037,.T.);
#635=ORIENTED_EDGE('',*,*,#1038,.T.);
#636=ORIENTED_EDGE('',*,*,#1039,.T.);
#637=ORIENTED_EDGE('',*,*,#1040,.F.);
#638=ORIENTED_EDGE('',*,*,#1041,.T.);
#639=ORIENTED_EDGE('',*,*,#1042,.T.);
#640=ORIENTED_EDGE('',*,*,#1043,.T.);
#641=ORIENTED_EDGE('',*,*,#1044,.F.);
#642=ORIENTED_EDGE('',*,*,#1045,.T.);
#643=ORIENTED_EDGE('',*,*,#1046,.T.);
#644=ORIENTED_EDGE('',*,*,#1047,.T.);
#645=ORIENTED_EDGE('',*,*,#1048,.F.);
#646=ORIENTED_EDGE('',*,*,#1049,.T.);
#647=ORIENTED_EDGE('',*,*,#1050,.T.);
#648=ORIENTED_EDGE('',*,*,#1051,.T.);
#649=ORIENTED_EDGE('',*,*,#1052,.T.);
#650=ORIENTED_EDGE('',*,*,#1053,.T.);
#651=ORIENTED_EDGE('',*,*,#1054,.T.);
#652=ORIENTED_EDGE('',*,*,#1055,.T.);
#653=ORIENTED_EDGE('',*,*,#1056,.F.);
#654=ORIENTED_EDGE('',*,*,#1057,.T.);
#655=ORIENTED_EDGE('',*,*,#1058,.T.);
#656=ORIENTED_EDGE('',*,*,#1059,.T.);
#657=ORIENTED_EDGE('',*,*,#1060,.T.);
#658=ORIENTED_EDGE('',*,*,#1056,.T.);
#659=ORIENTED_EDGE('',*,*,#1061,.T.);
#660=ORIENTED_EDGE('',*,*,#1044,.T.);
#661=ORIENTED_EDGE('',*,*,#1062,.T.);
#662=ORIENTED_EDGE('',*,*,#1048,.T.);
#663=ORIENTED_EDGE('',*,*,#1063,.T.);
#664=ORIENTED_EDGE('',*,*,#1052,.F.);
#665=ORIENTED_EDGE('',*,*,#1064,.T.);
#666=ORIENTED_EDGE('',*,*,#1032,.F.);
#667=ORIENTED_EDGE('',*,*,#1065,.T.);
#668=ORIENTED_EDGE('',*,*,#1036,.F.);
#669=ORIENTED_EDGE('',*,*,#1066,.T.);
#670=ORIENTED_EDGE('',*,*,#1040,.T.);
#671=ORIENTED_EDGE('',*,*,#1067,.T.);
#672=ORIENTED_EDGE('',*,*,#1060,.F.);
#673=ORIENTED_EDGE('',*,*,#1068,.T.);
#674=ORIENTED_EDGE('',*,*,#1069,.F.);
#675=ORIENTED_EDGE('',*,*,#1070,.T.);
#676=ORIENTED_EDGE('',*,*,#1071,.T.);
#677=ORIENTED_EDGE('',*,*,#1072,.F.);
#678=ORIENTED_EDGE('',*,*,#1073,.F.);
#679=ORIENTED_EDGE('',*,*,#1074,.T.);
#680=ORIENTED_EDGE('',*,*,#1075,.T.);
#681=ORIENTED_EDGE('',*,*,#1076,.F.);
#682=ORIENTED_EDGE('',*,*,#1077,.T.);
#683=ORIENTED_EDGE('',*,*,#1078,.T.);
#684=ORIENTED_EDGE('',*,*,#1079,.T.);
#685=ORIENTED_EDGE('',*,*,#1080,.F.);
#686=ORIENTED_EDGE('',*,*,#1081,.T.);
#687=ORIENTED_EDGE('',*,*,#1082,.T.);
#688=ORIENTED_EDGE('',*,*,#1083,.T.);
#689=ORIENTED_EDGE('',*,*,#1084,.F.);
#690=ORIENTED_EDGE('',*,*,#1077,.F.);
#691=ORIENTED_EDGE('',*,*,#1085,.F.);
#692=ORIENTED_EDGE('',*,*,#993,.T.);
#693=ORIENTED_EDGE('',*,*,#1086,.T.);
#694=ORIENTED_EDGE('',*,*,#992,.T.);
#695=ORIENTED_EDGE('',*,*,#1087,.T.);
#696=ORIENTED_EDGE('',*,*,#1078,.F.);
#697=ORIENTED_EDGE('',*,*,#1086,.F.);
#698=ORIENTED_EDGE('',*,*,#991,.F.);
#699=ORIENTED_EDGE('',*,*,#1088,.F.);
#700=ORIENTED_EDGE('',*,*,#1079,.F.);
#701=ORIENTED_EDGE('',*,*,#1087,.F.);
#702=ORIENTED_EDGE('',*,*,#1080,.T.);
#703=ORIENTED_EDGE('',*,*,#1088,.T.);
#704=ORIENTED_EDGE('',*,*,#990,.F.);
#705=ORIENTED_EDGE('',*,*,#1089,.T.);
#706=ORIENTED_EDGE('',*,*,#1081,.F.);
#707=ORIENTED_EDGE('',*,*,#1089,.F.);
#708=ORIENTED_EDGE('',*,*,#989,.T.);
#709=ORIENTED_EDGE('',*,*,#1090,.T.);
#710=ORIENTED_EDGE('',*,*,#988,.T.);
#711=ORIENTED_EDGE('',*,*,#1091,.T.);
#712=ORIENTED_EDGE('',*,*,#1082,.F.);
#713=ORIENTED_EDGE('',*,*,#1090,.F.);
#714=ORIENTED_EDGE('',*,*,#987,.F.);
#715=ORIENTED_EDGE('',*,*,#1092,.F.);
#716=ORIENTED_EDGE('',*,*,#1083,.F.);
#717=ORIENTED_EDGE('',*,*,#1091,.F.);
#718=ORIENTED_EDGE('',*,*,#1084,.T.);
#719=ORIENTED_EDGE('',*,*,#1092,.T.);
#720=ORIENTED_EDGE('',*,*,#986,.F.);
#721=ORIENTED_EDGE('',*,*,#1093,.T.);
#722=ORIENTED_EDGE('',*,*,#1069,.T.);
#723=ORIENTED_EDGE('',*,*,#1093,.F.);
#724=ORIENTED_EDGE('',*,*,#985,.F.);
#725=ORIENTED_EDGE('',*,*,#1094,.T.);
#726=ORIENTED_EDGE('',*,*,#984,.T.);
#727=ORIENTED_EDGE('',*,*,#1095,.T.);
#728=ORIENTED_EDGE('',*,*,#1070,.F.);
#729=ORIENTED_EDGE('',*,*,#1094,.F.);
#730=ORIENTED_EDGE('',*,*,#983,.F.);
#731=ORIENTED_EDGE('',*,*,#1096,.F.);
#732=ORIENTED_EDGE('',*,*,#1071,.F.);
#733=ORIENTED_EDGE('',*,*,#1095,.F.);
#734=ORIENTED_EDGE('',*,*,#1072,.T.);
#735=ORIENTED_EDGE('',*,*,#1096,.T.);
#736=ORIENTED_EDGE('',*,*,#982,.F.);
#737=ORIENTED_EDGE('',*,*,#1097,.T.);
#738=ORIENTED_EDGE('',*,*,#1073,.T.);
#739=ORIENTED_EDGE('',*,*,#1097,.F.);
#740=ORIENTED_EDGE('',*,*,#981,.F.);
#741=ORIENTED_EDGE('',*,*,#1098,.T.);
#742=ORIENTED_EDGE('',*,*,#980,.T.);
#743=ORIENTED_EDGE('',*,*,#1099,.T.);
#744=ORIENTED_EDGE('',*,*,#1074,.F.);
#745=ORIENTED_EDGE('',*,*,#1098,.F.);
#746=ORIENTED_EDGE('',*,*,#979,.F.);
#747=ORIENTED_EDGE('',*,*,#1100,.F.);
#748=ORIENTED_EDGE('',*,*,#1075,.F.);
#749=ORIENTED_EDGE('',*,*,#1099,.F.);
#750=ORIENTED_EDGE('',*,*,#1076,.T.);
#751=ORIENTED_EDGE('',*,*,#1100,.T.);
#752=ORIENTED_EDGE('',*,*,#978,.F.);
#753=ORIENTED_EDGE('',*,*,#1085,.T.);
#754=ORIENTED_EDGE('',*,*,#1039,.F.);
#755=ORIENTED_EDGE('',*,*,#1101,.T.);
#756=ORIENTED_EDGE('',*,*,#1057,.F.);
#757=ORIENTED_EDGE('',*,*,#1067,.F.);
#758=ORIENTED_EDGE('',*,*,#1059,.F.);
#759=ORIENTED_EDGE('',*,*,#1102,.T.);
#760=ORIENTED_EDGE('',*,*,#1029,.F.);
#761=ORIENTED_EDGE('',*,*,#1068,.F.);
#762=ORIENTED_EDGE('',*,*,#1031,.F.);
#763=ORIENTED_EDGE('',*,*,#1103,.T.);
#764=ORIENTED_EDGE('',*,*,#1033,.F.);
#765=ORIENTED_EDGE('',*,*,#1065,.F.);
#766=ORIENTED_EDGE('',*,*,#1035,.F.);
#767=ORIENTED_EDGE('',*,*,#1104,.T.);
#768=ORIENTED_EDGE('',*,*,#1037,.F.);
#769=ORIENTED_EDGE('',*,*,#1066,.F.);
#770=ORIENTED_EDGE('',*,*,#1055,.F.);
#771=ORIENTED_EDGE('',*,*,#1105,.T.);
#772=ORIENTED_EDGE('',*,*,#1041,.F.);
#773=ORIENTED_EDGE('',*,*,#1061,.F.);
#774=ORIENTED_EDGE('',*,*,#1043,.F.);
#775=ORIENTED_EDGE('',*,*,#1106,.T.);
#776=ORIENTED_EDGE('',*,*,#1045,.F.);
#777=ORIENTED_EDGE('',*,*,#1062,.F.);
#778=ORIENTED_EDGE('',*,*,#1047,.F.);
#779=ORIENTED_EDGE('',*,*,#1107,.T.);
#780=ORIENTED_EDGE('',*,*,#1049,.F.);
#781=ORIENTED_EDGE('',*,*,#1063,.F.);
#782=ORIENTED_EDGE('',*,*,#1051,.F.);
#783=ORIENTED_EDGE('',*,*,#1108,.T.);
#784=ORIENTED_EDGE('',*,*,#1053,.F.);
#785=ORIENTED_EDGE('',*,*,#1064,.F.);
#786=ORIENTED_EDGE('',*,*,#1109,.T.);
#787=ORIENTED_EDGE('',*,*,#1110,.F.);
#788=ORIENTED_EDGE('',*,*,#1110,.T.);
#789=ORIENTED_EDGE('',*,*,#1111,.T.);
#790=ORIENTED_EDGE('',*,*,#1112,.F.);
#791=ORIENTED_EDGE('',*,*,#1112,.T.);
#792=ORIENTED_EDGE('',*,*,#1113,.T.);
#793=ORIENTED_EDGE('',*,*,#1114,.T.);
#794=ORIENTED_EDGE('',*,*,#1114,.F.);
#795=ORIENTED_EDGE('',*,*,#1115,.T.);
#796=ORIENTED_EDGE('',*,*,#1116,.T.);
#797=ORIENTED_EDGE('',*,*,#1116,.F.);
#798=ORIENTED_EDGE('',*,*,#974,.F.);
#799=ORIENTED_EDGE('',*,*,#1111,.F.);
#800=ORIENTED_EDGE('',*,*,#1113,.F.);
#801=ORIENTED_EDGE('',*,*,#975,.F.);
#802=ORIENTED_EDGE('',*,*,#1115,.F.);
#803=ORIENTED_EDGE('',*,*,#976,.F.);
#804=ORIENTED_EDGE('',*,*,#977,.F.);
#805=ORIENTED_EDGE('',*,*,#1109,.F.);
#806=ORIENTED_EDGE('',*,*,#1117,.F.);
#807=ORIENTED_EDGE('',*,*,#1015,.F.);
#808=ORIENTED_EDGE('',*,*,#1118,.F.);
#809=ORIENTED_EDGE('',*,*,#1050,.F.);
#810=ORIENTED_EDGE('',*,*,#1118,.T.);
#811=ORIENTED_EDGE('',*,*,#1014,.F.);
#812=ORIENTED_EDGE('',*,*,#1119,.F.);
#813=ORIENTED_EDGE('',*,*,#1108,.F.);
#814=ORIENTED_EDGE('',*,*,#1117,.T.);
#815=ORIENTED_EDGE('',*,*,#1107,.F.);
#816=ORIENTED_EDGE('',*,*,#1120,.F.);
#817=ORIENTED_EDGE('',*,*,#1016,.F.);
#818=ORIENTED_EDGE('',*,*,#1119,.T.);
#819=ORIENTED_EDGE('',*,*,#1013,.F.);
#820=ORIENTED_EDGE('',*,*,#1121,.F.);
#821=ORIENTED_EDGE('',*,*,#1054,.F.);
#822=ORIENTED_EDGE('',*,*,#1120,.T.);
#823=ORIENTED_EDGE('',*,*,#1046,.F.);
#824=ORIENTED_EDGE('',*,*,#1122,.F.);
#825=ORIENTED_EDGE('',*,*,#1017,.F.);
#826=ORIENTED_EDGE('',*,*,#1121,.T.);
#827=ORIENTED_EDGE('',*,*,#1012,.F.);
#828=ORIENTED_EDGE('',*,*,#1123,.F.);
#829=ORIENTED_EDGE('',*,*,#1105,.F.);
#830=ORIENTED_EDGE('',*,*,#1122,.T.);
#831=ORIENTED_EDGE('',*,*,#1106,.F.);
#832=ORIENTED_EDGE('',*,*,#1124,.F.);
#833=ORIENTED_EDGE('',*,*,#1010,.F.);
#834=ORIENTED_EDGE('',*,*,#1123,.T.);
#835=ORIENTED_EDGE('',*,*,#1011,.F.);
#836=ORIENTED_EDGE('',*,*,#1124,.T.);
#837=ORIENTED_EDGE('',*,*,#1042,.F.);
#838=ORIENTED_EDGE('',*,*,#1125,.F.);
#839=ORIENTED_EDGE('',*,*,#1058,.F.);
#840=ORIENTED_EDGE('',*,*,#1126,.F.);
#841=ORIENTED_EDGE('',*,*,#971,.F.);
#842=ORIENTED_EDGE('',*,*,#1126,.T.);
#843=ORIENTED_EDGE('',*,*,#1101,.F.);
#844=ORIENTED_EDGE('',*,*,#1127,.F.);
#845=ORIENTED_EDGE('',*,*,#972,.F.);
#846=ORIENTED_EDGE('',*,*,#1125,.T.);
#847=ORIENTED_EDGE('',*,*,#970,.F.);
#848=ORIENTED_EDGE('',*,*,#1128,.F.);
#849=ORIENTED_EDGE('',*,*,#1102,.F.);
#850=ORIENTED_EDGE('',*,*,#1127,.T.);
#851=ORIENTED_EDGE('',*,*,#1038,.F.);
#852=ORIENTED_EDGE('',*,*,#1129,.F.);
#853=ORIENTED_EDGE('',*,*,#973,.F.);
#854=ORIENTED_EDGE('',*,*,#1128,.T.);
#855=ORIENTED_EDGE('',*,*,#969,.F.);
#856=ORIENTED_EDGE('',*,*,#1130,.F.);
#857=ORIENTED_EDGE('',*,*,#1030,.F.);
#858=ORIENTED_EDGE('',*,*,#1129,.T.);
#859=ORIENTED_EDGE('',*,*,#1104,.F.);
#860=ORIENTED_EDGE('',*,*,#1131,.F.);
#861=ORIENTED_EDGE('',*,*,#966,.F.);
#862=ORIENTED_EDGE('',*,*,#1130,.T.);
#863=ORIENTED_EDGE('',*,*,#968,.F.);
#864=ORIENTED_EDGE('',*,*,#1132,.F.);
#865=ORIENTED_EDGE('',*,*,#1103,.F.);
#866=ORIENTED_EDGE('',*,*,#1131,.T.);
#867=ORIENTED_EDGE('',*,*,#1034,.F.);
#868=ORIENTED_EDGE('',*,*,#1132,.T.);
#869=ORIENTED_EDGE('',*,*,#967,.F.);
#870=ORIENTED_EDGE('',*,*,#1018,.F.);
#871=ORIENTED_EDGE('',*,*,#995,.F.);
#872=ORIENTED_EDGE('',*,*,#1023,.F.);
#873=ORIENTED_EDGE('',*,*,#999,.F.);
#874=ORIENTED_EDGE('',*,*,#1021,.F.);
#875=ORIENTED_EDGE('',*,*,#1007,.F.);
#876=ORIENTED_EDGE('',*,*,#1024,.F.);
#877=ORIENTED_EDGE('',*,*,#997,.F.);
#878=ORIENTED_EDGE('',*,*,#1020,.F.);
#879=ORIENTED_EDGE('',*,*,#1003,.F.);
#880=ORIENTED_EDGE('',*,*,#1025,.F.);
#881=ORIENTED_EDGE('',*,*,#1009,.F.);
#882=ORIENTED_EDGE('',*,*,#1019,.F.);
#883=ORIENTED_EDGE('',*,*,#1001,.F.);
#884=ORIENTED_EDGE('',*,*,#1026,.F.);
#885=ORIENTED_EDGE('',*,*,#1005,.F.);
#886=EDGE_CURVE('',#1133,#1134,#1300,.T.);
#887=EDGE_CURVE('',#1134,#1135,#72,.T.);
#888=EDGE_CURVE('',#1135,#1136,#1301,.T.);
#889=EDGE_CURVE('',#1136,#1137,#73,.T.);
#890=EDGE_CURVE('',#1137,#1138,#1302,.T.);
#891=EDGE_CURVE('',#1138,#1139,#74,.T.);
#892=EDGE_CURVE('',#1139,#1140,#1303,.T.);
#893=EDGE_CURVE('',#1140,#1133,#75,.T.);
#894=EDGE_CURVE('',#1141,#1142,#76,.T.);
#895=EDGE_CURVE('',#1142,#1143,#1304,.F.);
#896=EDGE_CURVE('',#1144,#1143,#77,.T.);
#897=EDGE_CURVE('',#1144,#1145,#1305,.F.);
#898=EDGE_CURVE('',#1146,#1145,#78,.T.);
#899=EDGE_CURVE('',#1146,#1147,#1306,.F.);
#900=EDGE_CURVE('',#1147,#1148,#79,.T.);
#901=EDGE_CURVE('',#1148,#1141,#1307,.F.);
#902=EDGE_CURVE('',#1149,#1149,#1308,.F.);
#903=EDGE_CURVE('',#1150,#1150,#1309,.T.);
#904=EDGE_CURVE('',#1151,#1151,#1310,.T.);
#905=EDGE_CURVE('',#1152,#1153,#80,.T.);
#906=EDGE_CURVE('',#1153,#1154,#1311,.T.);
#907=EDGE_CURVE('',#1155,#1154,#81,.T.);
#908=EDGE_CURVE('',#1155,#1156,#1312,.T.);
#909=EDGE_CURVE('',#1157,#1156,#82,.T.);
#910=EDGE_CURVE('',#1157,#1158,#1313,.T.);
#911=EDGE_CURVE('',#1158,#1159,#83,.T.);
#912=EDGE_CURVE('',#1159,#1152,#1314,.T.);
#913=EDGE_CURVE('',#1160,#1160,#1315,.F.);
#914=EDGE_CURVE('',#1161,#1162,#1316,.F.);
#915=EDGE_CURVE('',#1162,#1163,#84,.T.);
#916=EDGE_CURVE('',#1163,#1164,#1317,.F.);
#917=EDGE_CURVE('',#1164,#1165,#85,.T.);
#918=EDGE_CURVE('',#1165,#1166,#1318,.F.);
#919=EDGE_CURVE('',#1166,#1167,#86,.T.);
#920=EDGE_CURVE('',#1167,#1168,#1319,.F.);
#921=EDGE_CURVE('',#1168,#1161,#87,.T.);
#922=EDGE_CURVE('',#1169,#1169,#1320,.T.);
#923=EDGE_CURVE('',#1170,#1170,#1321,.T.);
#924=EDGE_CURVE('',#1171,#1171,#1322,.F.);
#925=EDGE_CURVE('',#1172,#1172,#1323,.F.);
#926=EDGE_CURVE('',#1156,#1148,#88,.T.);
#927=EDGE_CURVE('',#1147,#1157,#89,.F.);
#928=EDGE_CURVE('',#1158,#1146,#90,.T.);
#929=EDGE_CURVE('',#1145,#1159,#91,.F.);
#930=EDGE_CURVE('',#1143,#1153,#92,.F.);
#931=EDGE_CURVE('',#1152,#1144,#93,.T.);
#932=EDGE_CURVE('',#1154,#1142,#94,.T.);
#933=EDGE_CURVE('',#1141,#1155,#95,.F.);
#934=EDGE_CURVE('',#1173,#1174,#96,.T.);
#935=EDGE_CURVE('',#1173,#1175,#1324,.F.);
#936=EDGE_CURVE('',#1176,#1175,#97,.T.);
#937=EDGE_CURVE('',#1176,#1177,#1325,.F.);
#938=EDGE_CURVE('',#1178,#1177,#98,.T.);
#939=EDGE_CURVE('',#1178,#1179,#1326,.F.);
#940=EDGE_CURVE('',#1179,#1180,#99,.T.);
#941=EDGE_CURVE('',#1180,#1174,#1327,.F.);
#942=EDGE_CURVE('',#1181,#1182,#100,.T.);
#943=EDGE_CURVE('',#1182,#1183,#1328,.T.);
#944=EDGE_CURVE('',#1183,#1184,#101,.T.);
#945=EDGE_CURVE('',#1184,#1185,#1329,.T.);
#946=EDGE_CURVE('',#1185,#1186,#102,.T.);
#947=EDGE_CURVE('',#1186,#1187,#1330,.T.);
#948=EDGE_CURVE('',#1188,#1187,#103,.T.);
#949=EDGE_CURVE('',#1188,#1181,#1331,.T.);
#950=EDGE_CURVE('',#1180,#1138,#104,.T.);
#951=EDGE_CURVE('',#1139,#1179,#105,.T.);
#952=EDGE_CURVE('',#1140,#1178,#106,.T.);
#953=EDGE_CURVE('',#1174,#1137,#107,.T.);
#954=EDGE_CURVE('',#1133,#1177,#108,.T.);
#955=EDGE_CURVE('',#1173,#1136,#109,.T.);
#956=EDGE_CURVE('',#1134,#1176,#110,.T.);
#957=EDGE_CURVE('',#1175,#1135,#111,.T.);
#958=EDGE_CURVE('',#1167,#1185,#112,.T.);
#959=EDGE_CURVE('',#1186,#1166,#113,.T.);
#960=EDGE_CURVE('',#1187,#1165,#114,.T.);
#961=EDGE_CURVE('',#1168,#1184,#115,.T.);
#962=EDGE_CURVE('',#1188,#1164,#116,.T.);
#963=EDGE_CURVE('',#1161,#1183,#117,.T.);
#964=EDGE_CURVE('',#1181,#1163,#118,.T.);
#965=EDGE_CURVE('',#1162,#1182,#119,.T.);
#966=EDGE_CURVE('',#1189,#1190,#1332,.T.);
#967=EDGE_CURVE('',#1190,#1191,#120,.T.);
#968=EDGE_CURVE('',#1191,#1192,#1333,.T.);
#969=EDGE_CURVE('',#1192,#1193,#121,.T.);
#970=EDGE_CURVE('',#1193,#1194,#1334,.T.);
#971=EDGE_CURVE('',#1194,#1195,#122,.T.);
#972=EDGE_CURVE('',#1195,#1196,#1335,.T.);
#973=EDGE_CURVE('',#1196,#1189,#123,.T.);
#974=EDGE_CURVE('',#1197,#1197,#1336,.F.);
#975=EDGE_CURVE('',#1198,#1198,#1337,.F.);
#976=EDGE_CURVE('',#1199,#1199,#1338,.F.);
#977=EDGE_CURVE('',#1200,#1200,#1339,.F.);
#978=EDGE_CURVE('',#1201,#1202,#124,.T.);
#979=EDGE_CURVE('',#1202,#1203,#1340,.T.);
#980=EDGE_CURVE('',#1204,#1203,#125,.T.);
#981=EDGE_CURVE('',#1204,#1205,#126,.T.);
#982=EDGE_CURVE('',#1205,#1206,#127,.T.);
#983=EDGE_CURVE('',#1206,#1207,#1341,.T.);
#984=EDGE_CURVE('',#1208,#1207,#128,.T.);
#985=EDGE_CURVE('',#1208,#1209,#129,.T.);
#986=EDGE_CURVE('',#1209,#1210,#130,.T.);
#987=EDGE_CURVE('',#1210,#1211,#1342,.T.);
#988=EDGE_CURVE('',#1212,#1211,#131,.T.);
#989=EDGE_CURVE('',#1213,#1212,#132,.T.);
#990=EDGE_CURVE('',#1213,#1214,#133,.T.);
#991=EDGE_CURVE('',#1214,#1215,#1343,.T.);
#992=EDGE_CURVE('',#1216,#1215,#134,.T.);
#993=EDGE_CURVE('',#1201,#1216,#135,.T.);
#994=EDGE_CURVE('',#1217,#1218,#136,.T.);
#995=EDGE_CURVE('',#1218,#1219,#137,.F.);
#996=EDGE_CURVE('',#1220,#1219,#138,.T.);
#997=EDGE_CURVE('',#1220,#1217,#139,.T.);
#998=EDGE_CURVE('',#1221,#1222,#140,.T.);
#999=EDGE_CURVE('',#1221,#1223,#141,.T.);
#1000=EDGE_CURVE('',#1223,#1224,#142,.T.);
#1001=EDGE_CURVE('',#1224,#1222,#143,.F.);
#1002=EDGE_CURVE('',#1225,#1226,#144,.T.);
#1003=EDGE_CURVE('',#1225,#1227,#145,.F.);
#1004=EDGE_CURVE('',#1227,#1228,#146,.T.);
#1005=EDGE_CURVE('',#1228,#1226,#147,.T.);
#1006=EDGE_CURVE('',#1229,#1230,#148,.T.);
#1007=EDGE_CURVE('',#1229,#1231,#149,.F.);
#1008=EDGE_CURVE('',#1231,#1232,#150,.T.);
#1009=EDGE_CURVE('',#1232,#1230,#151,.T.);
#1010=EDGE_CURVE('',#1233,#1234,#1344,.F.);
#1011=EDGE_CURVE('',#1234,#1235,#152,.T.);
#1012=EDGE_CURVE('',#1235,#1236,#1345,.F.);
#1013=EDGE_CURVE('',#1236,#1237,#153,.T.);
#1014=EDGE_CURVE('',#1237,#1238,#1346,.F.);
#1015=EDGE_CURVE('',#1238,#1239,#154,.T.);
#1016=EDGE_CURVE('',#1239,#1240,#1347,.F.);
#1017=EDGE_CURVE('',#1240,#1233,#155,.T.);
#1018=EDGE_CURVE('',#1219,#1221,#1348,.T.);
#1019=EDGE_CURVE('',#1222,#1228,#1349,.T.);
#1020=EDGE_CURVE('',#1227,#1232,#1350,.T.);
#1021=EDGE_CURVE('',#1231,#1220,#1351,.T.);
#1022=EDGE_CURVE('',#1241,#1241,#1352,.T.);
#1023=EDGE_CURVE('',#1223,#1218,#1353,.F.);
#1024=EDGE_CURVE('',#1217,#1229,#1354,.F.);
#1025=EDGE_CURVE('',#1230,#1225,#1355,.F.);
#1026=EDGE_CURVE('',#1226,#1224,#1356,.F.);
#1027=EDGE_CURVE('',#1242,#1242,#1357,.F.);
#1028=EDGE_CURVE('',#1243,#1243,#1358,.T.);
#1029=EDGE_CURVE('',#1244,#1245,#156,.T.);
#1030=EDGE_CURVE('',#1245,#1246,#157,.T.);
#1031=EDGE_CURVE('',#1246,#1247,#158,.F.);
#1032=EDGE_CURVE('',#1247,#1244,#159,.T.);
#1033=EDGE_CURVE('',#1248,#1249,#160,.T.);
#1034=EDGE_CURVE('',#1249,#1250,#161,.T.);
#1035=EDGE_CURVE('',#1250,#1251,#162,.F.);
#1036=EDGE_CURVE('',#1251,#1248,#163,.T.);
#1037=EDGE_CURVE('',#1252,#1253,#164,.T.);
#1038=EDGE_CURVE('',#1253,#1254,#165,.T.);
#1039=EDGE_CURVE('',#1254,#1255,#166,.F.);
#1040=EDGE_CURVE('',#1252,#1255,#167,.T.);
#1041=EDGE_CURVE('',#1256,#1257,#168,.T.);
#1042=EDGE_CURVE('',#1257,#1258,#169,.T.);
#1043=EDGE_CURVE('',#1258,#1259,#170,.F.);
#1044=EDGE_CURVE('',#1256,#1259,#171,.T.);
#1045=EDGE_CURVE('',#1260,#1261,#172,.T.);
#1046=EDGE_CURVE('',#1261,#1262,#173,.T.);
#1047=EDGE_CURVE('',#1262,#1263,#174,.F.);
#1048=EDGE_CURVE('',#1260,#1263,#175,.T.);
#1049=EDGE_CURVE('',#1264,#1265,#176,.T.);
#1050=EDGE_CURVE('',#1265,#1266,#177,.T.);
#1051=EDGE_CURVE('',#1266,#1267,#178,.F.);
#1052=EDGE_CURVE('',#1267,#1264,#179,.T.);
#1053=EDGE_CURVE('',#1268,#1269,#180,.T.);
#1054=EDGE_CURVE('',#1269,#1270,#181,.T.);
#1055=EDGE_CURVE('',#1270,#1271,#182,.F.);
#1056=EDGE_CURVE('',#1268,#1271,#183,.T.);
#1057=EDGE_CURVE('',#1272,#1273,#184,.T.);
#1058=EDGE_CURVE('',#1273,#1274,#185,.T.);
#1059=EDGE_CURVE('',#1274,#1275,#186,.F.);
#1060=EDGE_CURVE('',#1275,#1272,#187,.T.);
#1061=EDGE_CURVE('',#1271,#1256,#1359,.T.);
#1062=EDGE_CURVE('',#1259,#1260,#1360,.T.);
#1063=EDGE_CURVE('',#1263,#1264,#1361,.T.);
#1064=EDGE_CURVE('',#1267,#1268,#1362,.T.);
#1065=EDGE_CURVE('',#1247,#1248,#1363,.F.);
#1066=EDGE_CURVE('',#1251,#1252,#1364,.F.);
#1067=EDGE_CURVE('',#1255,#1272,#1365,.F.);
#1068=EDGE_CURVE('',#1275,#1244,#1366,.F.);
#1069=EDGE_CURVE('',#1276,#1277,#188,.T.);
#1070=EDGE_CURVE('',#1276,#1278,#189,.T.);
#1071=EDGE_CURVE('',#1278,#1279,#1367,.F.);
#1072=EDGE_CURVE('',#1280,#1279,#190,.T.);
#1073=EDGE_CURVE('',#1281,#1280,#191,.T.);
#1074=EDGE_CURVE('',#1281,#1282,#192,.T.);
#1075=EDGE_CURVE('',#1282,#1283,#1368,.F.);
#1076=EDGE_CURVE('',#1284,#1283,#193,.T.);
#1077=EDGE_CURVE('',#1284,#1285,#194,.T.);
#1078=EDGE_CURVE('',#1285,#1286,#195,.T.);
#1079=EDGE_CURVE('',#1286,#1287,#1369,.F.);
#1080=EDGE_CURVE('',#1288,#1287,#196,.T.);
#1081=EDGE_CURVE('',#1288,#1289,#197,.T.);
#1082=EDGE_CURVE('',#1289,#1290,#198,.T.);
#1083=EDGE_CURVE('',#1290,#1291,#1370,.F.);
#1084=EDGE_CURVE('',#1277,#1291,#199,.T.);
#1085=EDGE_CURVE('',#1201,#1284,#200,.T.);
#1086=EDGE_CURVE('',#1216,#1285,#201,.T.);
#1087=EDGE_CURVE('',#1215,#1286,#202,.T.);
#1088=EDGE_CURVE('',#1287,#1214,#203,.F.);
#1089=EDGE_CURVE('',#1213,#1288,#204,.T.);
#1090=EDGE_CURVE('',#1212,#1289,#205,.T.);
#1091=EDGE_CURVE('',#1211,#1290,#206,.T.);
#1092=EDGE_CURVE('',#1291,#1210,#207,.F.);
#1093=EDGE_CURVE('',#1209,#1277,#208,.T.);
#1094=EDGE_CURVE('',#1208,#1276,#209,.T.);
#1095=EDGE_CURVE('',#1207,#1278,#210,.T.);
#1096=EDGE_CURVE('',#1279,#1206,#211,.F.);
#1097=EDGE_CURVE('',#1205,#1280,#212,.T.);
#1098=EDGE_CURVE('',#1204,#1281,#213,.T.);
#1099=EDGE_CURVE('',#1203,#1282,#214,.T.);
#1100=EDGE_CURVE('',#1283,#1202,#215,.F.);
#1101=EDGE_CURVE('',#1254,#1273,#1371,.F.);
#1102=EDGE_CURVE('',#1274,#1245,#1372,.F.);
#1103=EDGE_CURVE('',#1246,#1249,#1373,.F.);
#1104=EDGE_CURVE('',#1250,#1253,#1374,.F.);
#1105=EDGE_CURVE('',#1270,#1257,#1375,.T.);
#1106=EDGE_CURVE('',#1258,#1261,#1376,.T.);
#1107=EDGE_CURVE('',#1262,#1265,#1377,.T.);
#1108=EDGE_CURVE('',#1266,#1269,#1378,.T.);
#1109=EDGE_CURVE('',#1292,#1292,#1379,.T.);
#1110=EDGE_CURVE('',#1293,#1293,#1380,.T.);
#1111=EDGE_CURVE('',#1294,#1294,#1381,.T.);
#1112=EDGE_CURVE('',#1295,#1295,#1382,.T.);
#1113=EDGE_CURVE('',#1296,#1296,#1383,.T.);
#1114=EDGE_CURVE('',#1297,#1297,#1384,.T.);
#1115=EDGE_CURVE('',#1298,#1298,#1385,.T.);
#1116=EDGE_CURVE('',#1299,#1299,#1386,.T.);
#1117=EDGE_CURVE('',#1239,#1265,#216,.T.);
#1118=EDGE_CURVE('',#1266,#1238,#217,.T.);
#1119=EDGE_CURVE('',#1269,#1237,#218,.T.);
#1120=EDGE_CURVE('',#1240,#1262,#219,.T.);
#1121=EDGE_CURVE('',#1270,#1236,#220,.T.);
#1122=EDGE_CURVE('',#1233,#1261,#221,.T.);
#1123=EDGE_CURVE('',#1257,#1235,#222,.T.);
#1124=EDGE_CURVE('',#1234,#1258,#223,.T.);
#1125=EDGE_CURVE('',#1274,#1194,#224,.T.);
#1126=EDGE_CURVE('',#1195,#1273,#225,.T.);
#1127=EDGE_CURVE('',#1196,#1254,#226,.T.);
#1128=EDGE_CURVE('',#1245,#1193,#227,.T.);
#1129=EDGE_CURVE('',#1189,#1253,#228,.T.);
#1130=EDGE_CURVE('',#1246,#1192,#229,.T.);
#1131=EDGE_CURVE('',#1190,#1250,#230,.T.);
#1132=EDGE_CURVE('',#1249,#1191,#231,.T.);
#1133=VERTEX_POINT('',#2615);
#1134=VERTEX_POINT('',#2616);
#1135=VERTEX_POINT('',#2618);
#1136=VERTEX_POINT('',#2620);
#1137=VERTEX_POINT('',#2622);
#1138=VERTEX_POINT('',#2624);
#1139=VERTEX_POINT('',#2626);
#1140=VERTEX_POINT('',#2628);
#1141=VERTEX_POINT('',#2631);
#1142=VERTEX_POINT('',#2632);
#1143=VERTEX_POINT('',#2634);
#1144=VERTEX_POINT('',#2636);
#1145=VERTEX_POINT('',#2638);
#1146=VERTEX_POINT('',#2640);
#1147=VERTEX_POINT('',#2642);
#1148=VERTEX_POINT('',#2644);
#1149=VERTEX_POINT('',#2648);
#1150=VERTEX_POINT('',#2650);
#1151=VERTEX_POINT('',#2652);
#1152=VERTEX_POINT('',#2654);
#1153=VERTEX_POINT('',#2655);
#1154=VERTEX_POINT('',#2657);
#1155=VERTEX_POINT('',#2659);
#1156=VERTEX_POINT('',#2661);
#1157=VERTEX_POINT('',#2663);
#1158=VERTEX_POINT('',#2665);
#1159=VERTEX_POINT('',#2667);
#1160=VERTEX_POINT('',#2670);
#1161=VERTEX_POINT('',#2673);
#1162=VERTEX_POINT('',#2674);
#1163=VERTEX_POINT('',#2676);
#1164=VERTEX_POINT('',#2678);
#1165=VERTEX_POINT('',#2680);
#1166=VERTEX_POINT('',#2682);
#1167=VERTEX_POINT('',#2684);
#1168=VERTEX_POINT('',#2686);
#1169=VERTEX_POINT('',#2689);
#1170=VERTEX_POINT('',#2691);
#1171=VERTEX_POINT('',#2693);
#1172=VERTEX_POINT('',#2695);
#1173=VERTEX_POINT('',#2714);
#1174=VERTEX_POINT('',#2715);
#1175=VERTEX_POINT('',#2717);
#1176=VERTEX_POINT('',#2719);
#1177=VERTEX_POINT('',#2721);
#1178=VERTEX_POINT('',#2723);
#1179=VERTEX_POINT('',#2725);
#1180=VERTEX_POINT('',#2727);
#1181=VERTEX_POINT('',#2730);
#1182=VERTEX_POINT('',#2731);
#1183=VERTEX_POINT('',#2733);
#1184=VERTEX_POINT('',#2735);
#1185=VERTEX_POINT('',#2737);
#1186=VERTEX_POINT('',#2739);
#1187=VERTEX_POINT('',#2741);
#1188=VERTEX_POINT('',#2743);
#1189=VERTEX_POINT('',#2784);
#1190=VERTEX_POINT('',#2785);
#1191=VERTEX_POINT('',#2787);
#1192=VERTEX_POINT('',#2789);
#1193=VERTEX_POINT('',#2791);
#1194=VERTEX_POINT('',#2793);
#1195=VERTEX_POINT('',#2795);
#1196=VERTEX_POINT('',#2797);
#1197=VERTEX_POINT('',#2800);
#1198=VERTEX_POINT('',#2802);
#1199=VERTEX_POINT('',#2804);
#1200=VERTEX_POINT('',#2806);
#1201=VERTEX_POINT('',#2808);
#1202=VERTEX_POINT('',#2809);
#1203=VERTEX_POINT('',#2811);
#1204=VERTEX_POINT('',#2813);
#1205=VERTEX_POINT('',#2815);
#1206=VERTEX_POINT('',#2817);
#1207=VERTEX_POINT('',#2819);
#1208=VERTEX_POINT('',#2821);
#1209=VERTEX_POINT('',#2823);
#1210=VERTEX_POINT('',#2825);
#1211=VERTEX_POINT('',#2827);
#1212=VERTEX_POINT('',#2829);
#1213=VERTEX_POINT('',#2831);
#1214=VERTEX_POINT('',#2833);
#1215=VERTEX_POINT('',#2835);
#1216=VERTEX_POINT('',#2837);
#1217=VERTEX_POINT('',#2841);
#1218=VERTEX_POINT('',#2842);
#1219=VERTEX_POINT('',#2844);
#1220=VERTEX_POINT('',#2846);
#1221=VERTEX_POINT('',#2850);
#1222=VERTEX_POINT('',#2851);
#1223=VERTEX_POINT('',#2853);
#1224=VERTEX_POINT('',#2855);
#1225=VERTEX_POINT('',#2859);
#1226=VERTEX_POINT('',#2860);
#1227=VERTEX_POINT('',#2862);
#1228=VERTEX_POINT('',#2864);
#1229=VERTEX_POINT('',#2868);
#1230=VERTEX_POINT('',#2869);
#1231=VERTEX_POINT('',#2871);
#1232=VERTEX_POINT('',#2873);
#1233=VERTEX_POINT('',#2877);
#1234=VERTEX_POINT('',#2878);
#1235=VERTEX_POINT('',#2880);
#1236=VERTEX_POINT('',#2882);
#1237=VERTEX_POINT('',#2884);
#1238=VERTEX_POINT('',#2886);
#1239=VERTEX_POINT('',#2888);
#1240=VERTEX_POINT('',#2890);
#1241=VERTEX_POINT('',#2898);
#1242=VERTEX_POINT('',#2905);
#1243=VERTEX_POINT('',#2907);
#1244=VERTEX_POINT('',#2912);
#1245=VERTEX_POINT('',#2913);
#1246=VERTEX_POINT('',#2915);
#1247=VERTEX_POINT('',#2917);
#1248=VERTEX_POINT('',#2921);
#1249=VERTEX_POINT('',#2922);
#1250=VERTEX_POINT('',#2924);
#1251=VERTEX_POINT('',#2926);
#1252=VERTEX_POINT('',#2930);
#1253=VERTEX_POINT('',#2931);
#1254=VERTEX_POINT('',#2933);
#1255=VERTEX_POINT('',#2935);
#1256=VERTEX_POINT('',#2939);
#1257=VERTEX_POINT('',#2940);
#1258=VERTEX_POINT('',#2942);
#1259=VERTEX_POINT('',#2944);
#1260=VERTEX_POINT('',#2948);
#1261=VERTEX_POINT('',#2949);
#1262=VERTEX_POINT('',#2951);
#1263=VERTEX_POINT('',#2953);
#1264=VERTEX_POINT('',#2957);
#1265=VERTEX_POINT('',#2958);
#1266=VERTEX_POINT('',#2960);
#1267=VERTEX_POINT('',#2962);
#1268=VERTEX_POINT('',#2966);
#1269=VERTEX_POINT('',#2967);
#1270=VERTEX_POINT('',#2969);
#1271=VERTEX_POINT('',#2971);
#1272=VERTEX_POINT('',#2975);
#1273=VERTEX_POINT('',#2976);
#1274=VERTEX_POINT('',#2978);
#1275=VERTEX_POINT('',#2980);
#1276=VERTEX_POINT('',#2993);
#1277=VERTEX_POINT('',#2994);
#1278=VERTEX_POINT('',#2996);
#1279=VERTEX_POINT('',#2998);
#1280=VERTEX_POINT('',#3000);
#1281=VERTEX_POINT('',#3002);
#1282=VERTEX_POINT('',#3004);
#1283=VERTEX_POINT('',#3006);
#1284=VERTEX_POINT('',#3008);
#1285=VERTEX_POINT('',#3010);
#1286=VERTEX_POINT('',#3012);
#1287=VERTEX_POINT('',#3014);
#1288=VERTEX_POINT('',#3016);
#1289=VERTEX_POINT('',#3018);
#1290=VERTEX_POINT('',#3020);
#1291=VERTEX_POINT('',#3022);
#1292=VERTEX_POINT('',#3074);
#1293=VERTEX_POINT('',#3076);
#1294=VERTEX_POINT('',#3080);
#1295=VERTEX_POINT('',#3082);
#1296=VERTEX_POINT('',#3086);
#1297=VERTEX_POINT('',#3088);
#1298=VERTEX_POINT('',#3092);
#1299=VERTEX_POINT('',#3094);
#1300=CIRCLE('',#1860,0.01425);
#1301=CIRCLE('',#1861,0.01425);
#1302=CIRCLE('',#1862,0.01425);
#1303=CIRCLE('',#1863,0.01425);
#1304=CIRCLE('',#1864,0.015);
#1305=CIRCLE('',#1865,0.015);
#1306=CIRCLE('',#1866,0.015);
#1307=CIRCLE('',#1867,0.015);
#1308=CIRCLE('',#1869,0.00215);
#1309=CIRCLE('',#1870,0.00215);
#1310=CIRCLE('',#1871,0.00215);
#1311=CIRCLE('',#1872,0.015);
#1312=CIRCLE('',#1873,0.015);
#1313=CIRCLE('',#1874,0.015);
#1314=CIRCLE('',#1875,0.015);
#1315=CIRCLE('',#1876,0.00215);
#1316=CIRCLE('',#1878,0.0095);
#1317=CIRCLE('',#1879,0.0095);
#1318=CIRCLE('',#1880,0.0095);
#1319=CIRCLE('',#1881,0.0095);
#1320=CIRCLE('',#1882,0.00215);
#1321=CIRCLE('',#1883,0.00215);
#1322=CIRCLE('',#1884,0.00215);
#1323=CIRCLE('',#1885,0.00215);
#1324=CIRCLE('',#1895,0.01375);
#1325=CIRCLE('',#1896,0.01375);
#1326=CIRCLE('',#1897,0.01375);
#1327=CIRCLE('',#1898,0.01375);
#1328=CIRCLE('',#1899,0.01);
#1329=CIRCLE('',#1900,0.01);
#1330=CIRCLE('',#1901,0.01);
#1331=CIRCLE('',#1902,0.01);
#1332=CIRCLE('',#1925,0.0095);
#1333=CIRCLE('',#1926,0.0095);
#1334=CIRCLE('',#1927,0.0095);
#1335=CIRCLE('',#1928,0.0095);
#1336=CIRCLE('',#1929,0.00265);
#1337=CIRCLE('',#1930,0.00265);
#1338=CIRCLE('',#1931,0.00265);
#1339=CIRCLE('',#1932,0.00265);
#1340=CIRCLE('',#1933,0.002);
#1341=CIRCLE('',#1934,0.002);
#1342=CIRCLE('',#1935,0.002);
#1343=CIRCLE('',#1936,0.002);
#1344=CIRCLE('',#1942,0.01425);
#1345=CIRCLE('',#1943,0.01425);
#1346=CIRCLE('',#1944,0.01425);
#1347=CIRCLE('',#1945,0.01425);
#1348=CIRCLE('',#1946,0.015);
#1349=CIRCLE('',#1947,0.015);
#1350=CIRCLE('',#1948,0.015);
#1351=CIRCLE('',#1949,0.015);
#1352=CIRCLE('',#1951,0.008475);
#1353=CIRCLE('',#1952,0.015);
#1354=CIRCLE('',#1953,0.015);
#1355=CIRCLE('',#1954,0.015);
#1356=CIRCLE('',#1955,0.015);
#1357=CIRCLE('',#1957,0.007475);
#1358=CIRCLE('',#1958,0.007475);
#1359=CIRCLE('',#1970,0.01375);
#1360=CIRCLE('',#1971,0.01375);
#1361=CIRCLE('',#1972,0.01375);
#1362=CIRCLE('',#1973,0.01375);
#1363=CIRCLE('',#1974,0.01);
#1364=CIRCLE('',#1975,0.01);
#1365=CIRCLE('',#1976,0.01);
#1366=CIRCLE('',#1977,0.01);
#1367=CIRCLE('',#1979,0.002);
#1368=CIRCLE('',#1980,0.002);
#1369=CIRCLE('',#1981,0.002);
#1370=CIRCLE('',#1982,0.002);
#1371=CIRCLE('',#2000,0.01);
#1372=CIRCLE('',#2002,0.01);
#1373=CIRCLE('',#2004,0.01);
#1374=CIRCLE('',#2006,0.01);
#1375=CIRCLE('',#2008,0.01375);
#1376=CIRCLE('',#2010,0.01375);
#1377=CIRCLE('',#2012,0.01375);
#1378=CIRCLE('',#2014,0.01375);
#1379=CIRCLE('',#2016,0.00215);
#1380=CIRCLE('',#2017,0.00215);
#1381=CIRCLE('',#2020,0.00215);
#1382=CIRCLE('',#2021,0.00215);
#1383=CIRCLE('',#2024,0.00215);
#1384=CIRCLE('',#2025,0.00215);
#1385=CIRCLE('',#2028,0.00215);
#1386=CIRCLE('',#2029,0.00215);
#1387=EDGE_LOOP('',(#392,#393,#394,#395,#396,#397,#398,#399));
#1388=EDGE_LOOP('',(#400,#401,#402,#403,#404,#405,#406,#407));
#1389=EDGE_LOOP('',(#408));
#1390=EDGE_LOOP('',(#409));
#1391=EDGE_LOOP('',(#410));
#1392=EDGE_LOOP('',(#411,#412,#413,#414,#415,#416,#417,#418));
#1393=EDGE_LOOP('',(#419));
#1394=EDGE_LOOP('',(#420,#421,#422,#423,#424,#425,#426,#427));
#1395=EDGE_LOOP('',(#428));
#1396=EDGE_LOOP('',(#429));
#1397=EDGE_LOOP('',(#430));
#1398=EDGE_LOOP('',(#431));
#1399=EDGE_LOOP('',(#432,#433,#434,#435));
#1400=EDGE_LOOP('',(#436,#437,#438,#439));
#1401=EDGE_LOOP('',(#440,#441,#442,#443));
#1402=EDGE_LOOP('',(#444,#445,#446,#447));
#1403=EDGE_LOOP('',(#448));
#1404=EDGE_LOOP('',(#449));
#1405=EDGE_LOOP('',(#450));
#1406=EDGE_LOOP('',(#451));
#1407=EDGE_LOOP('',(#452));
#1408=EDGE_LOOP('',(#453));
#1409=EDGE_LOOP('',(#454));
#1410=EDGE_LOOP('',(#455));
#1411=EDGE_LOOP('',(#456,#457,#458,#459,#460,#461,#462,#463));
#1412=EDGE_LOOP('',(#464,#465,#466,#467,#468,#469,#470,#471));
#1413=EDGE_LOOP('',(#472,#473,#474,#475));
#1414=EDGE_LOOP('',(#476,#477,#478,#479));
#1415=EDGE_LOOP('',(#480,#481,#482,#483));
#1416=EDGE_LOOP('',(#484,#485,#486,#487));
#1417=EDGE_LOOP('',(#488,#489,#490,#491));
#1418=EDGE_LOOP('',(#492,#493,#494,#495));
#1419=EDGE_LOOP('',(#496,#497,#498,#499));
#1420=EDGE_LOOP('',(#500,#501,#502,#503));
#1421=EDGE_LOOP('',(#504,#505,#506,#507));
#1422=EDGE_LOOP('',(#508,#509,#510,#511));
#1423=EDGE_LOOP('',(#512,#513,#514,#515));
#1424=EDGE_LOOP('',(#516,#517,#518,#519));
#1425=EDGE_LOOP('',(#520,#521,#522,#523));
#1426=EDGE_LOOP('',(#524,#525,#526,#527));
#1427=EDGE_LOOP('',(#528,#529,#530,#531));
#1428=EDGE_LOOP('',(#532,#533,#534,#535));
#1429=EDGE_LOOP('',(#536,#537,#538,#539));
#1430=EDGE_LOOP('',(#540,#541,#542,#543));
#1431=EDGE_LOOP('',(#544,#545,#546,#547));
#1432=EDGE_LOOP('',(#548,#549,#550,#551));
#1433=EDGE_LOOP('',(#552,#553,#554,#555,#556,#557,#558,#559));
#1434=EDGE_LOOP('',(#560));
#1435=EDGE_LOOP('',(#561));
#1436=EDGE_LOOP('',(#562));
#1437=EDGE_LOOP('',(#563));
#1438=EDGE_LOOP('',(#564,#565,#566,#567,#568,#569,#570,#571,#572,#573,#574,
#575,#576,#577,#578,#579));
#1439=EDGE_LOOP('',(#580,#581,#582,#583));
#1440=EDGE_LOOP('',(#584,#585,#586,#587));
#1441=EDGE_LOOP('',(#588,#589,#590,#591));
#1442=EDGE_LOOP('',(#592,#593,#594,#595));
#1443=EDGE_LOOP('',(#596,#597,#598,#599,#600,#601,#602,#603));
#1444=EDGE_LOOP('',(#604,#605,#606,#607,#608,#609,#610,#611));
#1445=EDGE_LOOP('',(#612));
#1446=EDGE_LOOP('',(#613,#614,#615,#616,#617,#618,#619,#620));
#1447=EDGE_LOOP('',(#621));
#1448=EDGE_LOOP('',(#622));
#1449=EDGE_LOOP('',(#623));
#1450=EDGE_LOOP('',(#624));
#1451=EDGE_LOOP('',(#625));
#1452=EDGE_LOOP('',(#626,#627,#628,#629));
#1453=EDGE_LOOP('',(#630,#631,#632,#633));
#1454=EDGE_LOOP('',(#634,#635,#636,#637));
#1455=EDGE_LOOP('',(#638,#639,#640,#641));
#1456=EDGE_LOOP('',(#642,#643,#644,#645));
#1457=EDGE_LOOP('',(#646,#647,#648,#649));
#1458=EDGE_LOOP('',(#650,#651,#652,#653));
#1459=EDGE_LOOP('',(#654,#655,#656,#657));
#1460=EDGE_LOOP('',(#658,#659,#660,#661,#662,#663,#664,#665));
#1461=EDGE_LOOP('',(#666,#667,#668,#669,#670,#671,#672,#673));
#1462=EDGE_LOOP('',(#674,#675,#676,#677,#678,#679,#680,#681,#682,#683,#684,
#685,#686,#687,#688,#689));
#1463=EDGE_LOOP('',(#690,#691,#692,#693));
#1464=EDGE_LOOP('',(#694,#695,#696,#697));
#1465=EDGE_LOOP('',(#698,#699,#700,#701));
#1466=EDGE_LOOP('',(#702,#703,#704,#705));
#1467=EDGE_LOOP('',(#706,#707,#708,#709));
#1468=EDGE_LOOP('',(#710,#711,#712,#713));
#1469=EDGE_LOOP('',(#714,#715,#716,#717));
#1470=EDGE_LOOP('',(#718,#719,#720,#721));
#1471=EDGE_LOOP('',(#722,#723,#724,#725));
#1472=EDGE_LOOP('',(#726,#727,#728,#729));
#1473=EDGE_LOOP('',(#730,#731,#732,#733));
#1474=EDGE_LOOP('',(#734,#735,#736,#737));
#1475=EDGE_LOOP('',(#738,#739,#740,#741));
#1476=EDGE_LOOP('',(#742,#743,#744,#745));
#1477=EDGE_LOOP('',(#746,#747,#748,#749));
#1478=EDGE_LOOP('',(#750,#751,#752,#753));
#1479=EDGE_LOOP('',(#754,#755,#756,#757));
#1480=EDGE_LOOP('',(#758,#759,#760,#761));
#1481=EDGE_LOOP('',(#762,#763,#764,#765));
#1482=EDGE_LOOP('',(#766,#767,#768,#769));
#1483=EDGE_LOOP('',(#770,#771,#772,#773));
#1484=EDGE_LOOP('',(#774,#775,#776,#777));
#1485=EDGE_LOOP('',(#778,#779,#780,#781));
#1486=EDGE_LOOP('',(#782,#783,#784,#785));
#1487=EDGE_LOOP('',(#786));
#1488=EDGE_LOOP('',(#787));
#1489=EDGE_LOOP('',(#788));
#1490=EDGE_LOOP('',(#789));
#1491=EDGE_LOOP('',(#790));
#1492=EDGE_LOOP('',(#791));
#1493=EDGE_LOOP('',(#792));
#1494=EDGE_LOOP('',(#793));
#1495=EDGE_LOOP('',(#794));
#1496=EDGE_LOOP('',(#795));
#1497=EDGE_LOOP('',(#796));
#1498=EDGE_LOOP('',(#797));
#1499=EDGE_LOOP('',(#798));
#1500=EDGE_LOOP('',(#799));
#1501=EDGE_LOOP('',(#800));
#1502=EDGE_LOOP('',(#801));
#1503=EDGE_LOOP('',(#802));
#1504=EDGE_LOOP('',(#803));
#1505=EDGE_LOOP('',(#804));
#1506=EDGE_LOOP('',(#805));
#1507=EDGE_LOOP('',(#806,#807,#808,#809));
#1508=EDGE_LOOP('',(#810,#811,#812,#813));
#1509=EDGE_LOOP('',(#814,#815,#816,#817));
#1510=EDGE_LOOP('',(#818,#819,#820,#821));
#1511=EDGE_LOOP('',(#822,#823,#824,#825));
#1512=EDGE_LOOP('',(#826,#827,#828,#829));
#1513=EDGE_LOOP('',(#830,#831,#832,#833));
#1514=EDGE_LOOP('',(#834,#835,#836,#837));
#1515=EDGE_LOOP('',(#838,#839,#840,#841));
#1516=EDGE_LOOP('',(#842,#843,#844,#845));
#1517=EDGE_LOOP('',(#846,#847,#848,#849));
#1518=EDGE_LOOP('',(#850,#851,#852,#853));
#1519=EDGE_LOOP('',(#854,#855,#856,#857));
#1520=EDGE_LOOP('',(#858,#859,#860,#861));
#1521=EDGE_LOOP('',(#862,#863,#864,#865));
#1522=EDGE_LOOP('',(#866,#867,#868,#869));
#1523=EDGE_LOOP('',(#870,#871,#872,#873));
#1524=EDGE_LOOP('',(#874,#875,#876,#877));
#1525=EDGE_LOOP('',(#878,#879,#880,#881));
#1526=EDGE_LOOP('',(#882,#883,#884,#885));
#1527=FACE_BOUND('',#1387,.T.);
#1528=FACE_BOUND('',#1388,.T.);
#1529=FACE_BOUND('',#1389,.T.);
#1530=FACE_BOUND('',#1390,.T.);
#1531=FACE_BOUND('',#1391,.T.);
#1532=FACE_BOUND('',#1392,.T.);
#1533=FACE_BOUND('',#1393,.T.);
#1534=FACE_BOUND('',#1394,.T.);
#1535=FACE_BOUND('',#1395,.T.);
#1536=FACE_BOUND('',#1396,.T.);
#1537=FACE_BOUND('',#1397,.T.);
#1538=FACE_BOUND('',#1398,.T.);
#1539=FACE_BOUND('',#1399,.T.);
#1540=FACE_BOUND('',#1400,.T.);
#1541=FACE_BOUND('',#1401,.T.);
#1542=FACE_BOUND('',#1402,.T.);
#1543=FACE_BOUND('',#1403,.T.);
#1544=FACE_BOUND('',#1404,.T.);
#1545=FACE_BOUND('',#1405,.T.);
#1546=FACE_BOUND('',#1406,.T.);
#1547=FACE_BOUND('',#1407,.T.);
#1548=FACE_BOUND('',#1408,.T.);
#1549=FACE_BOUND('',#1409,.T.);
#1550=FACE_BOUND('',#1410,.T.);
#1551=FACE_BOUND('',#1411,.T.);
#1552=FACE_BOUND('',#1412,.T.);
#1553=FACE_BOUND('',#1413,.T.);
#1554=FACE_BOUND('',#1414,.T.);
#1555=FACE_BOUND('',#1415,.T.);
#1556=FACE_BOUND('',#1416,.T.);
#1557=FACE_BOUND('',#1417,.T.);
#1558=FACE_BOUND('',#1418,.T.);
#1559=FACE_BOUND('',#1419,.T.);
#1560=FACE_BOUND('',#1420,.T.);
#1561=FACE_BOUND('',#1421,.T.);
#1562=FACE_BOUND('',#1422,.T.);
#1563=FACE_BOUND('',#1423,.T.);
#1564=FACE_BOUND('',#1424,.T.);
#1565=FACE_BOUND('',#1425,.T.);
#1566=FACE_BOUND('',#1426,.T.);
#1567=FACE_BOUND('',#1427,.T.);
#1568=FACE_BOUND('',#1428,.T.);
#1569=FACE_BOUND('',#1429,.T.);
#1570=FACE_BOUND('',#1430,.T.);
#1571=FACE_BOUND('',#1431,.T.);
#1572=FACE_BOUND('',#1432,.T.);
#1573=FACE_BOUND('',#1433,.T.);
#1574=FACE_BOUND('',#1434,.T.);
#1575=FACE_BOUND('',#1435,.T.);
#1576=FACE_BOUND('',#1436,.T.);
#1577=FACE_BOUND('',#1437,.T.);
#1578=FACE_BOUND('',#1438,.T.);
#1579=FACE_BOUND('',#1439,.T.);
#1580=FACE_BOUND('',#1440,.T.);
#1581=FACE_BOUND('',#1441,.T.);
#1582=FACE_BOUND('',#1442,.T.);
#1583=FACE_BOUND('',#1443,.T.);
#1584=FACE_BOUND('',#1444,.T.);
#1585=FACE_BOUND('',#1445,.T.);
#1586=FACE_BOUND('',#1446,.T.);
#1587=FACE_BOUND('',#1447,.T.);
#1588=FACE_BOUND('',#1448,.T.);
#1589=FACE_BOUND('',#1449,.T.);
#1590=FACE_BOUND('',#1450,.T.);
#1591=FACE_BOUND('',#1451,.T.);
#1592=FACE_BOUND('',#1452,.T.);
#1593=FACE_BOUND('',#1453,.T.);
#1594=FACE_BOUND('',#1454,.T.);
#1595=FACE_BOUND('',#1455,.T.);
#1596=FACE_BOUND('',#1456,.T.);
#1597=FACE_BOUND('',#1457,.T.);
#1598=FACE_BOUND('',#1458,.T.);
#1599=FACE_BOUND('',#1459,.T.);
#1600=FACE_BOUND('',#1460,.T.);
#1601=FACE_BOUND('',#1461,.T.);
#1602=FACE_BOUND('',#1462,.T.);
#1603=FACE_BOUND('',#1463,.T.);
#1604=FACE_BOUND('',#1464,.T.);
#1605=FACE_BOUND('',#1465,.T.);
#1606=FACE_BOUND('',#1466,.T.);
#1607=FACE_BOUND('',#1467,.T.);
#1608=FACE_BOUND('',#1468,.T.);
#1609=FACE_BOUND('',#1469,.T.);
#1610=FACE_BOUND('',#1470,.T.);
#1611=FACE_BOUND('',#1471,.T.);
#1612=FACE_BOUND('',#1472,.T.);
#1613=FACE_BOUND('',#1473,.T.);
#1614=FACE_BOUND('',#1474,.T.);
#1615=FACE_BOUND('',#1475,.T.);
#1616=FACE_BOUND('',#1476,.T.);
#1617=FACE_BOUND('',#1477,.T.);
#1618=FACE_BOUND('',#1478,.T.);
#1619=FACE_BOUND('',#1479,.T.);
#1620=FACE_BOUND('',#1480,.T.);
#1621=FACE_BOUND('',#1481,.T.);
#1622=FACE_BOUND('',#1482,.T.);
#1623=FACE_BOUND('',#1483,.T.);
#1624=FACE_BOUND('',#1484,.T.);
#1625=FACE_BOUND('',#1485,.T.);
#1626=FACE_BOUND('',#1486,.T.);
#1627=FACE_BOUND('',#1487,.T.);
#1628=FACE_BOUND('',#1488,.T.);
#1629=FACE_BOUND('',#1489,.T.);
#1630=FACE_BOUND('',#1490,.T.);
#1631=FACE_BOUND('',#1491,.T.);
#1632=FACE_BOUND('',#1492,.T.);
#1633=FACE_BOUND('',#1493,.T.);
#1634=FACE_BOUND('',#1494,.T.);
#1635=FACE_BOUND('',#1495,.T.);
#1636=FACE_BOUND('',#1496,.T.);
#1637=FACE_BOUND('',#1497,.T.);
#1638=FACE_BOUND('',#1498,.T.);
#1639=FACE_BOUND('',#1499,.T.);
#1640=FACE_BOUND('',#1500,.T.);
#1641=FACE_BOUND('',#1501,.T.);
#1642=FACE_BOUND('',#1502,.T.);
#1643=FACE_BOUND('',#1503,.T.);
#1644=FACE_BOUND('',#1504,.T.);
#1645=FACE_BOUND('',#1505,.T.);
#1646=FACE_BOUND('',#1506,.T.);
#1647=FACE_BOUND('',#1507,.T.);
#1648=FACE_BOUND('',#1508,.T.);
#1649=FACE_BOUND('',#1509,.T.);
#1650=FACE_BOUND('',#1510,.T.);
#1651=FACE_BOUND('',#1511,.T.);
#1652=FACE_BOUND('',#1512,.T.);
#1653=FACE_BOUND('',#1513,.T.);
#1654=FACE_BOUND('',#1514,.T.);
#1655=FACE_BOUND('',#1515,.T.);
#1656=FACE_BOUND('',#1516,.T.);
#1657=FACE_BOUND('',#1517,.T.);
#1658=FACE_BOUND('',#1518,.T.);
#1659=FACE_BOUND('',#1519,.T.);
#1660=FACE_BOUND('',#1520,.T.);
#1661=FACE_BOUND('',#1521,.T.);
#1662=FACE_BOUND('',#1522,.T.);
#1663=FACE_BOUND('',#1523,.T.);
#1664=FACE_BOUND('',#1524,.T.);
#1665=FACE_BOUND('',#1525,.T.);
#1666=FACE_BOUND('',#1526,.T.);
#1667=PLANE('',#1859);
#1668=PLANE('',#1868);
#1669=PLANE('',#1877);
#1670=PLANE('',#1886);
#1671=PLANE('',#1887);
#1672=PLANE('',#1888);
#1673=PLANE('',#1889);
#1674=PLANE('',#1894);
#1675=PLANE('',#1903);
#1676=PLANE('',#1906);
#1677=PLANE('',#1907);
#1678=PLANE('',#1910);
#1679=PLANE('',#1911);
#1680=PLANE('',#1914);
#1681=PLANE('',#1915);
#1682=PLANE('',#1918);
#1683=PLANE('',#1924);
#1684=PLANE('',#1937);
#1685=PLANE('',#1938);
#1686=PLANE('',#1939);
#1687=PLANE('',#1940);
#1688=PLANE('',#1941);
#1689=PLANE('',#1950);
#1690=PLANE('',#1959);
#1691=PLANE('',#1961);
#1692=PLANE('',#1962);
#1693=PLANE('',#1963);
#1694=PLANE('',#1964);
#1695=PLANE('',#1965);
#1696=PLANE('',#1966);
#1697=PLANE('',#1967);
#1698=PLANE('',#1968);
#1699=PLANE('',#1969);
#1700=PLANE('',#1978);
#1701=PLANE('',#1983);
#1702=PLANE('',#1984);
#1703=PLANE('',#1986);
#1704=PLANE('',#1987);
#1705=PLANE('',#1988);
#1706=PLANE('',#1990);
#1707=PLANE('',#1991);
#1708=PLANE('',#1992);
#1709=PLANE('',#1994);
#1710=PLANE('',#1995);
#1711=PLANE('',#1996);
#1712=PLANE('',#1998);
#1713=PLANE('',#2018);
#1714=PLANE('',#2022);
#1715=PLANE('',#2026);
#1716=PLANE('',#2030);
#1717=PLANE('',#2035);
#1718=PLANE('',#2038);
#1719=PLANE('',#2039);
#1720=PLANE('',#2042);
#1721=PLANE('',#2043);
#1722=PLANE('',#2046);
#1723=PLANE('',#2047);
#1724=PLANE('',#2050);
#1725=ADVANCED_FACE('',(#1527,#1528),#1667,.F.);
#1726=ADVANCED_FACE('',(#1529,#1530,#1531,#1532,#1533),#1668,.T.);
#1727=ADVANCED_FACE('',(#1534,#1535,#1536,#1537,#1538),#1669,.F.);
#1728=ADVANCED_FACE('',(#1539),#1670,.T.);
#1729=ADVANCED_FACE('',(#1540),#1671,.F.);
#1730=ADVANCED_FACE('',(#1541),#1672,.F.);
#1731=ADVANCED_FACE('',(#1542),#1673,.T.);
#1732=ADVANCED_FACE('',(#1543,#1544),#43,.F.);
#1733=ADVANCED_FACE('',(#1545,#1546),#44,.F.);
#1734=ADVANCED_FACE('',(#1547,#1548),#45,.F.);
#1735=ADVANCED_FACE('',(#1549,#1550),#46,.F.);
#1736=ADVANCED_FACE('',(#1551,#1552),#1674,.F.);
#1737=ADVANCED_FACE('',(#1553),#1675,.F.);
#1738=ADVANCED_FACE('',(#1554),#22,.F.);
#1739=ADVANCED_FACE('',(#1555),#23,.F.);
#1740=ADVANCED_FACE('',(#1556),#1676,.T.);
#1741=ADVANCED_FACE('',(#1557),#1677,.T.);
#1742=ADVANCED_FACE('',(#1558),#24,.F.);
#1743=ADVANCED_FACE('',(#1559),#25,.F.);
#1744=ADVANCED_FACE('',(#1560),#1678,.T.);
#1745=ADVANCED_FACE('',(#1561),#1679,.F.);
#1746=ADVANCED_FACE('',(#1562),#26,.T.);
#1747=ADVANCED_FACE('',(#1563),#27,.T.);
#1748=ADVANCED_FACE('',(#1564),#1680,.T.);
#1749=ADVANCED_FACE('',(#1565),#1681,.F.);
#1750=ADVANCED_FACE('',(#1566),#28,.T.);
#1751=ADVANCED_FACE('',(#1567),#29,.T.);
#1752=ADVANCED_FACE('',(#1568),#1682,.F.);
#1753=ADVANCED_FACE('',(#1569),#47,.T.);
#1754=ADVANCED_FACE('',(#1570),#48,.T.);
#1755=ADVANCED_FACE('',(#1571),#49,.T.);
#1756=ADVANCED_FACE('',(#1572),#50,.T.);
#1757=ADVANCED_FACE('',(#1573,#1574,#1575,#1576,#1577,#1578),#1683,.T.);
#1758=ADVANCED_FACE('',(#1579),#1684,.F.);
#1759=ADVANCED_FACE('',(#1580),#1685,.F.);
#1760=ADVANCED_FACE('',(#1581),#1686,.T.);
#1761=ADVANCED_FACE('',(#1582),#1687,.T.);
#1762=ADVANCED_FACE('',(#1583,#1584),#1688,.T.);
#1763=ADVANCED_FACE('',(#1585,#1586),#1689,.F.);
#1764=ADVANCED_FACE('',(#1587,#1588),#51,.F.);
#1765=ADVANCED_FACE('',(#1589),#1690,.F.);
#1766=ADVANCED_FACE('',(#1590,#1591),#30,.F.);
#1767=ADVANCED_FACE('',(#1592),#1691,.T.);
#1768=ADVANCED_FACE('',(#1593),#1692,.T.);
#1769=ADVANCED_FACE('',(#1594),#1693,.F.);
#1770=ADVANCED_FACE('',(#1595),#1694,.F.);
#1771=ADVANCED_FACE('',(#1596),#1695,.F.);
#1772=ADVANCED_FACE('',(#1597),#1696,.T.);
#1773=ADVANCED_FACE('',(#1598),#1697,.F.);
#1774=ADVANCED_FACE('',(#1599),#1698,.T.);
#1775=ADVANCED_FACE('',(#1600,#1601),#1699,.T.);
#1776=ADVANCED_FACE('',(#1602),#1700,.T.);
#1777=ADVANCED_FACE('',(#1603),#1701,.T.);
#1778=ADVANCED_FACE('',(#1604),#1702,.T.);
#1779=ADVANCED_FACE('',(#1605),#52,.T.);
#1780=ADVANCED_FACE('',(#1606),#1703,.F.);
#1781=ADVANCED_FACE('',(#1607),#1704,.T.);
#1782=ADVANCED_FACE('',(#1608),#1705,.T.);
#1783=ADVANCED_FACE('',(#1609),#53,.T.);
#1784=ADVANCED_FACE('',(#1610),#1706,.F.);
#1785=ADVANCED_FACE('',(#1611),#1707,.F.);
#1786=ADVANCED_FACE('',(#1612),#1708,.T.);
#1787=ADVANCED_FACE('',(#1613),#54,.T.);
#1788=ADVANCED_FACE('',(#1614),#1709,.F.);
#1789=ADVANCED_FACE('',(#1615),#1710,.F.);
#1790=ADVANCED_FACE('',(#1616),#1711,.T.);
#1791=ADVANCED_FACE('',(#1617),#55,.T.);
#1792=ADVANCED_FACE('',(#1618),#1712,.F.);
#1793=ADVANCED_FACE('',(#1619),#56,.T.);
#1794=ADVANCED_FACE('',(#1620),#57,.T.);
#1795=ADVANCED_FACE('',(#1621),#58,.T.);
#1796=ADVANCED_FACE('',(#1622),#59,.T.);
#1797=ADVANCED_FACE('',(#1623),#60,.F.);
#1798=ADVANCED_FACE('',(#1624),#61,.F.);
#1799=ADVANCED_FACE('',(#1625),#62,.F.);
#1800=ADVANCED_FACE('',(#1626),#63,.F.);
#1801=ADVANCED_FACE('',(#1627,#1628),#64,.F.);
#1802=ADVANCED_FACE('',(#1629),#1713,.T.);
#1803=ADVANCED_FACE('',(#1630,#1631),#65,.F.);
#1804=ADVANCED_FACE('',(#1632),#1714,.T.);
#1805=ADVANCED_FACE('',(#1633,#1634),#66,.F.);
#1806=ADVANCED_FACE('',(#1635),#1715,.T.);
#1807=ADVANCED_FACE('',(#1636,#1637),#67,.F.);
#1808=ADVANCED_FACE('',(#1638),#1716,.T.);
#1809=ADVANCED_FACE('',(#1639,#1640),#31,.F.);
#1810=ADVANCED_FACE('',(#1641,#1642),#32,.F.);
#1811=ADVANCED_FACE('',(#1643,#1644),#33,.F.);
#1812=ADVANCED_FACE('',(#1645,#1646),#34,.F.);
#1813=ADVANCED_FACE('',(#1647),#1717,.F.);
#1814=ADVANCED_FACE('',(#1648),#35,.F.);
#1815=ADVANCED_FACE('',(#1649),#36,.F.);
#1816=ADVANCED_FACE('',(#1650),#1718,.T.);
#1817=ADVANCED_FACE('',(#1651),#1719,.T.);
#1818=ADVANCED_FACE('',(#1652),#37,.F.);
#1819=ADVANCED_FACE('',(#1653),#38,.F.);
#1820=ADVANCED_FACE('',(#1654),#1720,.T.);
#1821=ADVANCED_FACE('',(#1655),#1721,.F.);
#1822=ADVANCED_FACE('',(#1656),#39,.T.);
#1823=ADVANCED_FACE('',(#1657),#40,.T.);
#1824=ADVANCED_FACE('',(#1658),#1722,.T.);
#1825=ADVANCED_FACE('',(#1659),#1723,.F.);
#1826=ADVANCED_FACE('',(#1660),#41,.T.);
#1827=ADVANCED_FACE('',(#1661),#42,.T.);
#1828=ADVANCED_FACE('',(#1662),#1724,.F.);
#1829=ADVANCED_FACE('',(#1663),#68,.T.);
#1830=ADVANCED_FACE('',(#1664),#69,.T.);
#1831=ADVANCED_FACE('',(#1665),#70,.T.);
#1832=ADVANCED_FACE('',(#1666),#71,.T.);
#1833=CLOSED_SHELL('',(#1725,#1726,#1727,#1728,#1729,#1730,#1731,#1732,
#1733,#1734,#1735,#1736,#1737,#1738,#1739,#1740,#1741,#1742,#1743,#1744,
#1745,#1746,#1747,#1748,#1749,#1750,#1751,#1752,#1753,#1754,#1755,#1756));
#1834=CLOSED_SHELL('',(#1757,#1758,#1759,#1760,#1761,#1762,#1763,#1764,
#1765,#1766,#1767,#1768,#1769,#1770,#1771,#1772,#1773,#1774,#1775,#1776,
#1777,#1778,#1779,#1780,#1781,#1782,#1783,#1784,#1785,#1786,#1787,#1788,
#1789,#1790,#1791,#1792,#1793,#1794,#1795,#1796,#1797,#1798,#1799,#1800,
#1801,#1802,#1803,#1804,#1805,#1806,#1807,#1808,#1809,#1810,#1811,#1812,
#1813,#1814,#1815,#1816,#1817,#1818,#1819,#1820,#1821,#1822,#1823,#1824,
#1825,#1826,#1827,#1828,#1829,#1830,#1831,#1832));
#1835=STYLED_ITEM('',(#1837),#1850);
#1836=STYLED_ITEM('',(#1838),#1851);
#1837=PRESENTATION_STYLE_ASSIGNMENT((#1839));
#1838=PRESENTATION_STYLE_ASSIGNMENT((#1840));
#1839=SURFACE_STYLE_USAGE(.BOTH.,#1841);
#1840=SURFACE_STYLE_USAGE(.BOTH.,#1842);
#1841=SURFACE_SIDE_STYLE('',(#1843));
#1842=SURFACE_SIDE_STYLE('',(#1844));
#1843=SURFACE_STYLE_FILL_AREA(#1845);
#1844=SURFACE_STYLE_FILL_AREA(#1846);
#1845=FILL_AREA_STYLE('',(#1847));
#1846=FILL_AREA_STYLE('',(#1848));
#1847=FILL_AREA_STYLE_COLOUR('',#1849);
#1848=FILL_AREA_STYLE_COLOUR('',#1849);
#1849=COLOUR_RGB('',0.992156862745098,0.56078431372549,0.258823529411765);
#1850=MANIFOLD_SOLID_BREP('casing_lid',#1833);
#1851=MANIFOLD_SOLID_BREP('casing_bottom',#1834);
#1852=SHAPE_DEFINITION_REPRESENTATION(#3147,#1855);
#1853=SHAPE_DEFINITION_REPRESENTATION(#3148,#1856);
#1854=SHAPE_DEFINITION_REPRESENTATION(#3150,#1857);
#1855=SHAPE_REPRESENTATION('main_assembly',(#1858,#1923,#2055),#3138);
#1856=SHAPE_REPRESENTATION('casing_lid',(#1858),#3139);
#1857=SHAPE_REPRESENTATION('casing_bottom',(#1858),#3140);
#1858=AXIS2_PLACEMENT_3D('',#2612,#2056,#2057);
#1859=AXIS2_PLACEMENT_3D('',#2613,#2058,#2059);
#1860=AXIS2_PLACEMENT_3D('',#2614,#2060,#2061);
#1861=AXIS2_PLACEMENT_3D('',#2619,#2063,#2064);
#1862=AXIS2_PLACEMENT_3D('',#2623,#2066,#2067);
#1863=AXIS2_PLACEMENT_3D('',#2627,#2069,#2070);
#1864=AXIS2_PLACEMENT_3D('',#2633,#2073,#2074);
#1865=AXIS2_PLACEMENT_3D('',#2637,#2076,#2077);
#1866=AXIS2_PLACEMENT_3D('',#2641,#2079,#2080);
#1867=AXIS2_PLACEMENT_3D('',#2645,#2082,#2083);
#1868=AXIS2_PLACEMENT_3D('',#2646,#2084,#2085);
#1869=AXIS2_PLACEMENT_3D('',#2647,#2086,#2087);
#1870=AXIS2_PLACEMENT_3D('',#2649,#2088,#2089);
#1871=AXIS2_PLACEMENT_3D('',#2651,#2090,#2091);
#1872=AXIS2_PLACEMENT_3D('',#2656,#2093,#2094);
#1873=AXIS2_PLACEMENT_3D('',#2660,#2096,#2097);
#1874=AXIS2_PLACEMENT_3D('',#2664,#2099,#2100);
#1875=AXIS2_PLACEMENT_3D('',#2668,#2102,#2103);
#1876=AXIS2_PLACEMENT_3D('',#2669,#2104,#2105);
#1877=AXIS2_PLACEMENT_3D('',#2671,#2106,#2107);
#1878=AXIS2_PLACEMENT_3D('',#2672,#2108,#2109);
#1879=AXIS2_PLACEMENT_3D('',#2677,#2111,#2112);
#1880=AXIS2_PLACEMENT_3D('',#2681,#2114,#2115);
#1881=AXIS2_PLACEMENT_3D('',#2685,#2117,#2118);
#1882=AXIS2_PLACEMENT_3D('',#2688,#2120,#2121);
#1883=AXIS2_PLACEMENT_3D('',#2690,#2122,#2123);
#1884=AXIS2_PLACEMENT_3D('',#2692,#2124,#2125);
#1885=AXIS2_PLACEMENT_3D('',#2694,#2126,#2127);
#1886=AXIS2_PLACEMENT_3D('',#2696,#2128,#2129);
#1887=AXIS2_PLACEMENT_3D('',#2699,#2132,#2133);
#1888=AXIS2_PLACEMENT_3D('',#2702,#2136,#2137);
#1889=AXIS2_PLACEMENT_3D('',#2705,#2140,#2141);
#1890=AXIS2_PLACEMENT_3D('',#2708,#2144,#2145);
#1891=AXIS2_PLACEMENT_3D('',#2709,#2146,#2147);
#1892=AXIS2_PLACEMENT_3D('',#2710,#2148,#2149);
#1893=AXIS2_PLACEMENT_3D('',#2711,#2150,#2151);
#1894=AXIS2_PLACEMENT_3D('',#2712,#2152,#2153);
#1895=AXIS2_PLACEMENT_3D('',#2716,#2155,#2156);
#1896=AXIS2_PLACEMENT_3D('',#2720,#2158,#2159);
#1897=AXIS2_PLACEMENT_3D('',#2724,#2161,#2162);
#1898=AXIS2_PLACEMENT_3D('',#2728,#2164,#2165);
#1899=AXIS2_PLACEMENT_3D('',#2732,#2167,#2168);
#1900=AXIS2_PLACEMENT_3D('',#2736,#2170,#2171);
#1901=AXIS2_PLACEMENT_3D('',#2740,#2173,#2174);
#1902=AXIS2_PLACEMENT_3D('',#2744,#2176,#2177);
#1903=AXIS2_PLACEMENT_3D('',#2745,#2178,#2179);
#1904=AXIS2_PLACEMENT_3D('',#2748,#2182,#2183);
#1905=AXIS2_PLACEMENT_3D('',#2750,#2185,#2186);
#1906=AXIS2_PLACEMENT_3D('',#2752,#2188,#2189);
#1907=AXIS2_PLACEMENT_3D('',#2754,#2191,#2192);
#1908=AXIS2_PLACEMENT_3D('',#2756,#2194,#2195);
#1909=AXIS2_PLACEMENT_3D('',#2758,#2197,#2198);
#1910=AXIS2_PLACEMENT_3D('',#2760,#2200,#2201);
#1911=AXIS2_PLACEMENT_3D('',#2761,#2202,#2203);
#1912=AXIS2_PLACEMENT_3D('',#2764,#2206,#2207);
#1913=AXIS2_PLACEMENT_3D('',#2766,#2209,#2210);
#1914=AXIS2_PLACEMENT_3D('',#2768,#2212,#2213);
#1915=AXIS2_PLACEMENT_3D('',#2770,#2215,#2216);
#1916=AXIS2_PLACEMENT_3D('',#2772,#2218,#2219);
#1917=AXIS2_PLACEMENT_3D('',#2774,#2221,#2222);
#1918=AXIS2_PLACEMENT_3D('',#2776,#2224,#2225);
#1919=AXIS2_PLACEMENT_3D('',#2777,#2226,#2227);
#1920=AXIS2_PLACEMENT_3D('',#2778,#2228,#2229);
#1921=AXIS2_PLACEMENT_3D('',#2779,#2230,#2231);
#1922=AXIS2_PLACEMENT_3D('',#2780,#2232,#2233);
#1923=AXIS2_PLACEMENT_3D('',#2781,#2234,#2235);
#1924=AXIS2_PLACEMENT_3D('',#2782,#2236,#2237);
#1925=AXIS2_PLACEMENT_3D('',#2783,#2238,#2239);
#1926=AXIS2_PLACEMENT_3D('',#2788,#2241,#2242);
#1927=AXIS2_PLACEMENT_3D('',#2792,#2244,#2245);
#1928=AXIS2_PLACEMENT_3D('',#2796,#2247,#2248);
#1929=AXIS2_PLACEMENT_3D('',#2799,#2250,#2251);
#1930=AXIS2_PLACEMENT_3D('',#2801,#2252,#2253);
#1931=AXIS2_PLACEMENT_3D('',#2803,#2254,#2255);
#1932=AXIS2_PLACEMENT_3D('',#2805,#2256,#2257);
#1933=AXIS2_PLACEMENT_3D('',#2810,#2259,#2260);
#1934=AXIS2_PLACEMENT_3D('',#2818,#2264,#2265);
#1935=AXIS2_PLACEMENT_3D('',#2826,#2269,#2270);
#1936=AXIS2_PLACEMENT_3D('',#2834,#2274,#2275);
#1937=AXIS2_PLACEMENT_3D('',#2839,#2278,#2279);
#1938=AXIS2_PLACEMENT_3D('',#2848,#2284,#2285);
#1939=AXIS2_PLACEMENT_3D('',#2857,#2290,#2291);
#1940=AXIS2_PLACEMENT_3D('',#2866,#2296,#2297);
#1941=AXIS2_PLACEMENT_3D('',#2875,#2302,#2303);
#1942=AXIS2_PLACEMENT_3D('',#2876,#2304,#2305);
#1943=AXIS2_PLACEMENT_3D('',#2881,#2307,#2308);
#1944=AXIS2_PLACEMENT_3D('',#2885,#2310,#2311);
#1945=AXIS2_PLACEMENT_3D('',#2889,#2313,#2314);
#1946=AXIS2_PLACEMENT_3D('',#2892,#2316,#2317);
#1947=AXIS2_PLACEMENT_3D('',#2893,#2318,#2319);
#1948=AXIS2_PLACEMENT_3D('',#2894,#2320,#2321);
#1949=AXIS2_PLACEMENT_3D('',#2895,#2322,#2323);
#1950=AXIS2_PLACEMENT_3D('',#2896,#2324,#2325);
#1951=AXIS2_PLACEMENT_3D('',#2897,#2326,#2327);
#1952=AXIS2_PLACEMENT_3D('',#2899,#2328,#2329);
#1953=AXIS2_PLACEMENT_3D('',#2900,#2330,#2331);
#1954=AXIS2_PLACEMENT_3D('',#2901,#2332,#2333);
#1955=AXIS2_PLACEMENT_3D('',#2902,#2334,#2335);
#1956=AXIS2_PLACEMENT_3D('',#2903,#2336,#2337);
#1957=AXIS2_PLACEMENT_3D('',#2904,#2338,#2339);
#1958=AXIS2_PLACEMENT_3D('',#2906,#2340,#2341);
#1959=AXIS2_PLACEMENT_3D('',#2908,#2342,#2343);
#1960=AXIS2_PLACEMENT_3D('',#2909,#2344,#2345);
#1961=AXIS2_PLACEMENT_3D('',#2910,#2346,#2347);
#1962=AXIS2_PLACEMENT_3D('',#2919,#2352,#2353);
#1963=AXIS2_PLACEMENT_3D('',#2928,#2358,#2359);
#1964=AXIS2_PLACEMENT_3D('',#2937,#2364,#2365);
#1965=AXIS2_PLACEMENT_3D('',#2946,#2370,#2371);
#1966=AXIS2_PLACEMENT_3D('',#2955,#2376,#2377);
#1967=AXIS2_PLACEMENT_3D('',#2964,#2382,#2383);
#1968=AXIS2_PLACEMENT_3D('',#2973,#2388,#2389);
#1969=AXIS2_PLACEMENT_3D('',#2982,#2394,#2395);
#1970=AXIS2_PLACEMENT_3D('',#2983,#2396,#2397);
#1971=AXIS2_PLACEMENT_3D('',#2984,#2398,#2399);
#1972=AXIS2_PLACEMENT_3D('',#2985,#2400,#2401);
#1973=AXIS2_PLACEMENT_3D('',#2986,#2402,#2403);
#1974=AXIS2_PLACEMENT_3D('',#2987,#2404,#2405);
#1975=AXIS2_PLACEMENT_3D('',#2988,#2406,#2407);
#1976=AXIS2_PLACEMENT_3D('',#2989,#2408,#2409);
#1977=AXIS2_PLACEMENT_3D('',#2990,#2410,#2411);
#1978=AXIS2_PLACEMENT_3D('',#2991,#2412,#2413);
#1979=AXIS2_PLACEMENT_3D('',#2997,#2416,#2417);
#1980=AXIS2_PLACEMENT_3D('',#3005,#2421,#2422);
#1981=AXIS2_PLACEMENT_3D('',#3013,#2426,#2427);
#1982=AXIS2_PLACEMENT_3D('',#3021,#2431,#2432);
#1983=AXIS2_PLACEMENT_3D('',#3024,#2434,#2435);
#1984=AXIS2_PLACEMENT_3D('',#3027,#2438,#2439);
#1985=AXIS2_PLACEMENT_3D('',#3029,#2441,#2442);
#1986=AXIS2_PLACEMENT_3D('',#3031,#2444,#2445);
#1987=AXIS2_PLACEMENT_3D('',#3033,#2447,#2448);
#1988=AXIS2_PLACEMENT_3D('',#3035,#2450,#2451);
#1989=AXIS2_PLACEMENT_3D('',#3037,#2453,#2454);
#1990=AXIS2_PLACEMENT_3D('',#3039,#2456,#2457);
#1991=AXIS2_PLACEMENT_3D('',#3041,#2459,#2460);
#1992=AXIS2_PLACEMENT_3D('',#3043,#2462,#2463);
#1993=AXIS2_PLACEMENT_3D('',#3045,#2465,#2466);
#1994=AXIS2_PLACEMENT_3D('',#3047,#2468,#2469);
#1995=AXIS2_PLACEMENT_3D('',#3049,#2471,#2472);
#1996=AXIS2_PLACEMENT_3D('',#3051,#2474,#2475);
#1997=AXIS2_PLACEMENT_3D('',#3053,#2477,#2478);
#1998=AXIS2_PLACEMENT_3D('',#3055,#2480,#2481);
#1999=AXIS2_PLACEMENT_3D('',#3056,#2482,#2483);
#2000=AXIS2_PLACEMENT_3D('',#3057,#2484,#2485);
#2001=AXIS2_PLACEMENT_3D('',#3058,#2486,#2487);
#2002=AXIS2_PLACEMENT_3D('',#3059,#2488,#2489);
#2003=AXIS2_PLACEMENT_3D('',#3060,#2490,#2491);
#2004=AXIS2_PLACEMENT_3D('',#3061,#2492,#2493);
#2005=AXIS2_PLACEMENT_3D('',#3062,#2494,#2495);
#2006=AXIS2_PLACEMENT_3D('',#3063,#2496,#2497);
#2007=AXIS2_PLACEMENT_3D('',#3064,#2498,#2499);
#2008=AXIS2_PLACEMENT_3D('',#3065,#2500,#2501);
#2009=AXIS2_PLACEMENT_3D('',#3066,#2502,#2503);
#2010=AXIS2_PLACEMENT_3D('',#3067,#2504,#2505);
#2011=AXIS2_PLACEMENT_3D('',#3068,#2506,#2507);
#2012=AXIS2_PLACEMENT_3D('',#3069,#2508,#2509);
#2013=AXIS2_PLACEMENT_3D('',#3070,#2510,#2511);
#2014=AXIS2_PLACEMENT_3D('',#3071,#2512,#2513);
#2015=AXIS2_PLACEMENT_3D('',#3072,#2514,#2515);
#2016=AXIS2_PLACEMENT_3D('',#3073,#2516,#2517);
#2017=AXIS2_PLACEMENT_3D('',#3075,#2518,#2519);
#2018=AXIS2_PLACEMENT_3D('',#3077,#2520,#2521);
#2019=AXIS2_PLACEMENT_3D('',#3078,#2522,#2523);
#2020=AXIS2_PLACEMENT_3D('',#3079,#2524,#2525);
#2021=AXIS2_PLACEMENT_3D('',#3081,#2526,#2527);
#2022=AXIS2_PLACEMENT_3D('',#3083,#2528,#2529);
#2023=AXIS2_PLACEMENT_3D('',#3084,#2530,#2531);
#2024=AXIS2_PLACEMENT_3D('',#3085,#2532,#2533);
#2025=AXIS2_PLACEMENT_3D('',#3087,#2534,#2535);
#2026=AXIS2_PLACEMENT_3D('',#3089,#2536,#2537);
#2027=AXIS2_PLACEMENT_3D('',#3090,#2538,#2539);
#2028=AXIS2_PLACEMENT_3D('',#3091,#2540,#2541);
#2029=AXIS2_PLACEMENT_3D('',#3093,#2542,#2543);
#2030=AXIS2_PLACEMENT_3D('',#3095,#2544,#2545);
#2031=AXIS2_PLACEMENT_3D('',#3096,#2546,#2547);
#2032=AXIS2_PLACEMENT_3D('',#3097,#2548,#2549);
#2033=AXIS2_PLACEMENT_3D('',#3098,#2550,#2551);
#2034=AXIS2_PLACEMENT_3D('',#3099,#2552,#2553);
#2035=AXIS2_PLACEMENT_3D('',#3100,#2554,#2555);
#2036=AXIS2_PLACEMENT_3D('',#3103,#2558,#2559);
#2037=AXIS2_PLACEMENT_3D('',#3105,#2561,#2562);
#2038=AXIS2_PLACEMENT_3D('',#3107,#2564,#2565);
#2039=AXIS2_PLACEMENT_3D('',#3109,#2567,#2568);
#2040=AXIS2_PLACEMENT_3D('',#3111,#2570,#2571);
#2041=AXIS2_PLACEMENT_3D('',#3113,#2573,#2574);
#2042=AXIS2_PLACEMENT_3D('',#3115,#2576,#2577);
#2043=AXIS2_PLACEMENT_3D('',#3116,#2578,#2579);
#2044=AXIS2_PLACEMENT_3D('',#3119,#2582,#2583);
#2045=AXIS2_PLACEMENT_3D('',#3121,#2585,#2586);
#2046=AXIS2_PLACEMENT_3D('',#3123,#2588,#2589);
#2047=AXIS2_PLACEMENT_3D('',#3125,#2591,#2592);
#2048=AXIS2_PLACEMENT_3D('',#3127,#2594,#2595);
#2049=AXIS2_PLACEMENT_3D('',#3129,#2597,#2598);
#2050=AXIS2_PLACEMENT_3D('',#3131,#2600,#2601);
#2051=AXIS2_PLACEMENT_3D('',#3132,#2602,#2603);
#2052=AXIS2_PLACEMENT_3D('',#3133,#2604,#2605);
#2053=AXIS2_PLACEMENT_3D('',#3134,#2606,#2607);
#2054=AXIS2_PLACEMENT_3D('',#3135,#2608,#2609);
#2055=AXIS2_PLACEMENT_3D('',#3136,#2610,#2611);
#2056=DIRECTION('',(0.,0.,1.));
#2057=DIRECTION('',(1.,0.,0.));
#2058=DIRECTION('',(0.,1.,0.));
#2059=DIRECTION('',(1.,0.,0.));
#2060=DIRECTION('',(0.,1.,0.));
#2061=DIRECTION('',(1.,0.,0.));
#2062=DIRECTION('',(-1.,0.,0.));
#2063=DIRECTION('',(0.,1.,0.));
#2064=DIRECTION('',(1.,0.,0.));
#2065=DIRECTION('',(0.,0.,1.));
#2066=DIRECTION('',(0.,1.,0.));
#2067=DIRECTION('',(1.,0.,0.));
#2068=DIRECTION('',(1.,0.,0.));
#2069=DIRECTION('',(0.,1.,0.));
#2070=DIRECTION('',(1.,0.,0.));
#2071=DIRECTION('',(-2.96059473233375E-16,0.,-1.));
#2072=DIRECTION('',(-1.,0.,0.));
#2073=DIRECTION('',(0.,1.,0.));
#2074=DIRECTION('',(1.,0.,0.));
#2075=DIRECTION('',(0.,0.,1.));
#2076=DIRECTION('',(0.,1.,0.));
#2077=DIRECTION('',(1.,0.,0.));
#2078=DIRECTION('',(-1.,0.,0.));
#2079=DIRECTION('',(0.,1.,0.));
#2080=DIRECTION('',(1.,0.,0.));
#2081=DIRECTION('',(0.,0.,1.));
#2082=DIRECTION('',(0.,1.,0.));
#2083=DIRECTION('',(1.,0.,0.));
#2084=DIRECTION('',(0.,1.,0.));
#2085=DIRECTION('',(1.,0.,0.));
#2086=DIRECTION('',(0.,1.,0.));
#2087=DIRECTION('',(1.,0.,0.));
#2088=DIRECTION('',(0.,1.,0.));
#2089=DIRECTION('',(1.,0.,0.));
#2090=DIRECTION('',(0.,1.,0.));
#2091=DIRECTION('',(1.,0.,0.));
#2092=DIRECTION('',(0.,0.,1.));
#2093=DIRECTION('',(0.,1.,0.));
#2094=DIRECTION('',(1.,0.,0.));
#2095=DIRECTION('',(-1.,0.,0.));
#2096=DIRECTION('',(0.,1.,0.));
#2097=DIRECTION('',(1.,0.,0.));
#2098=DIRECTION('',(0.,0.,1.));
#2099=DIRECTION('',(0.,1.,0.));
#2100=DIRECTION('',(1.,0.,0.));
#2101=DIRECTION('',(-1.,0.,0.));
#2102=DIRECTION('',(0.,1.,0.));
#2103=DIRECTION('',(1.,0.,0.));
#2104=DIRECTION('',(0.,1.,0.));
#2105=DIRECTION('',(1.,0.,0.));
#2106=DIRECTION('',(0.,1.,0.));
#2107=DIRECTION('',(1.,0.,0.));
#2108=DIRECTION('',(0.,1.,0.));
#2109=DIRECTION('',(1.,0.,0.));
#2110=DIRECTION('',(1.,0.,0.));
#2111=DIRECTION('',(0.,1.,0.));
#2112=DIRECTION('',(1.,0.,0.));
#2113=DIRECTION('',(3.21803775253668E-16,0.,1.));
#2114=DIRECTION('',(0.,1.,0.));
#2115=DIRECTION('',(1.,0.,0.));
#2116=DIRECTION('',(-1.,0.,0.));
#2117=DIRECTION('',(0.,1.,0.));
#2118=DIRECTION('',(1.,0.,0.));
#2119=DIRECTION('',(0.,0.,-1.));
#2120=DIRECTION('',(0.,1.,0.));
#2121=DIRECTION('',(1.,0.,0.));
#2122=DIRECTION('',(0.,1.,0.));
#2123=DIRECTION('',(1.,0.,0.));
#2124=DIRECTION('',(0.,1.,0.));
#2125=DIRECTION('',(1.,0.,0.));
#2126=DIRECTION('',(0.,1.,0.));
#2127=DIRECTION('',(1.,0.,0.));
#2128=DIRECTION('',(1.,0.,0.));
#2129=DIRECTION('',(0.,-1.,0.));
#2130=DIRECTION('',(0.,-1.,0.));
#2131=DIRECTION('',(0.,-1.,0.));
#2132=DIRECTION('',(0.,0.,1.));
#2133=DIRECTION('',(0.,-1.,0.));
#2134=DIRECTION('',(0.,-1.,0.));
#2135=DIRECTION('',(0.,-1.,0.));
#2136=DIRECTION('',(1.,0.,0.));
#2137=DIRECTION('',(0.,-1.,0.));
#2138=DIRECTION('',(0.,-1.,0.));
#2139=DIRECTION('',(0.,-1.,0.));
#2140=DIRECTION('',(0.,0.,1.));
#2141=DIRECTION('',(0.,-1.,0.));
#2142=DIRECTION('',(0.,-1.,0.));
#2143=DIRECTION('',(0.,-1.,0.));
#2144=DIRECTION('',(0.,1.,0.));
#2145=DIRECTION('',(1.,0.,0.));
#2146=DIRECTION('',(0.,1.,0.));
#2147=DIRECTION('',(1.,0.,0.));
#2148=DIRECTION('',(0.,1.,0.));
#2149=DIRECTION('',(1.,0.,0.));
#2150=DIRECTION('',(0.,1.,0.));
#2151=DIRECTION('',(1.,0.,0.));
#2152=DIRECTION('',(0.,1.,0.));
#2153=DIRECTION('',(1.,0.,0.));
#2154=DIRECTION('',(0.,0.,1.));
#2155=DIRECTION('',(0.,1.,0.));
#2156=DIRECTION('',(1.,0.,0.));
#2157=DIRECTION('',(-1.,0.,0.));
#2158=DIRECTION('',(0.,1.,0.));
#2159=DIRECTION('',(1.,0.,0.));
#2160=DIRECTION('',(-2.96059473233375E-16,0.,-1.));
#2161=DIRECTION('',(0.,1.,0.));
#2162=DIRECTION('',(1.,0.,0.));
#2163=DIRECTION('',(-1.,0.,0.));
#2164=DIRECTION('',(0.,1.,0.));
#2165=DIRECTION('',(1.,0.,0.));
#2166=DIRECTION('',(-1.,0.,0.));
#2167=DIRECTION('',(0.,1.,0.));
#2168=DIRECTION('',(1.,0.,0.));
#2169=DIRECTION('',(0.,0.,1.));
#2170=DIRECTION('',(0.,1.,0.));
#2171=DIRECTION('',(1.,0.,0.));
#2172=DIRECTION('',(1.,0.,0.));
#2173=DIRECTION('',(0.,1.,0.));
#2174=DIRECTION('',(1.,0.,0.));
#2175=DIRECTION('',(3.21803775253668E-16,0.,1.));
#2176=DIRECTION('',(0.,1.,0.));
#2177=DIRECTION('',(1.,0.,0.));
#2178=DIRECTION('',(0.,0.707106781186548,0.707106781186548));
#2179=DIRECTION('',(-1.,0.,0.));
#2180=DIRECTION('',(0.,-0.707106781186548,0.707106781186548));
#2181=DIRECTION('',(0.,0.707106781186548,-0.707106781186548));
#2182=DIRECTION('',(0.,-1.,0.));
#2183=DIRECTION('',(-1.,0.,0.));
#2184=DIRECTION('',(-0.707106781186548,0.707106781186548,0.));
#2185=DIRECTION('',(0.,-1.,0.));
#2186=DIRECTION('',(-1.,0.,0.));
#2187=DIRECTION('',(-0.707106781186548,-0.707106781186548,0.));
#2188=DIRECTION('',(-0.707106781186548,-0.707106781186548,2.09345661157836E-16));
#2189=DIRECTION('',(2.96059473233375E-16,0.,1.));
#2190=DIRECTION('',(-0.707106781186548,0.707106781186548,0.));
#2191=DIRECTION('',(0.707106781186548,-0.707106781186548,0.));
#2192=DIRECTION('',(0.,0.,-1.));
#2193=DIRECTION('',(-0.707106781186548,-0.707106781186548,0.));
#2194=DIRECTION('',(0.,-1.,0.));
#2195=DIRECTION('',(-1.,0.,0.));
#2196=DIRECTION('',(0.,0.707106781186543,0.707106781186552));
#2197=DIRECTION('',(0.,-1.,0.));
#2198=DIRECTION('',(-1.,0.,0.));
#2199=DIRECTION('',(0.,-0.707106781186548,-0.707106781186548));
#2200=DIRECTION('',(0.,-0.707106781186548,0.707106781186548));
#2201=DIRECTION('',(1.,0.,0.));
#2202=DIRECTION('',(0.,0.707106781186548,-0.707106781186548));
#2203=DIRECTION('',(1.,0.,0.));
#2204=DIRECTION('',(0.,0.707106781186548,0.707106781186548));
#2205=DIRECTION('',(0.,-0.707106781186548,-0.707106781186548));
#2206=DIRECTION('',(0.,1.,0.));
#2207=DIRECTION('',(1.,0.,0.));
#2208=DIRECTION('',(-0.707106781186543,-0.707106781186552,0.));
#2209=DIRECTION('',(0.,1.,0.));
#2210=DIRECTION('',(1.,0.,0.));
#2211=DIRECTION('',(-0.707106781186548,0.707106781186548,0.));
#2212=DIRECTION('',(0.707106781186548,-0.707106781186548,-2.27549631693301E-16));
#2213=DIRECTION('',(-3.21803775253668E-16,0.,-1.));
#2214=DIRECTION('',(-0.707106781186543,-0.707106781186552,0.));
#2215=DIRECTION('',(0.707106781186548,0.707106781186548,0.));
#2216=DIRECTION('',(0.,0.,1.));
#2217=DIRECTION('',(-0.707106781186548,0.707106781186548,0.));
#2218=DIRECTION('',(0.,1.,0.));
#2219=DIRECTION('',(1.,0.,0.));
#2220=DIRECTION('',(0.,-0.707106781186548,0.707106781186548));
#2221=DIRECTION('',(0.,1.,0.));
#2222=DIRECTION('',(1.,0.,0.));
#2223=DIRECTION('',(0.,0.707106781186548,-0.707106781186548));
#2224=DIRECTION('',(0.,0.707106781186548,0.707106781186548));
#2225=DIRECTION('',(-1.,0.,0.));
#2226=DIRECTION('',(0.,1.,0.));
#2227=DIRECTION('',(1.,0.,0.));
#2228=DIRECTION('',(0.,-1.,0.));
#2229=DIRECTION('',(-1.,0.,0.));
#2230=DIRECTION('',(0.,1.,0.));
#2231=DIRECTION('',(1.,0.,0.));
#2232=DIRECTION('',(0.,-1.,0.));
#2233=DIRECTION('',(-1.,0.,0.));
#2234=DIRECTION('',(0.,1.,0.));
#2235=DIRECTION('',(1.,0.,0.));
#2236=DIRECTION('',(0.,1.,0.));
#2237=DIRECTION('',(1.,0.,0.));
#2238=DIRECTION('',(0.,1.,0.));
#2239=DIRECTION('',(1.,0.,0.));
#2240=DIRECTION('',(-1.,0.,0.));
#2241=DIRECTION('',(0.,1.,0.));
#2242=DIRECTION('',(1.,0.,0.));
#2243=DIRECTION('',(0.,0.,1.));
#2244=DIRECTION('',(0.,1.,0.));
#2245=DIRECTION('',(1.,0.,0.));
#2246=DIRECTION('',(1.,0.,0.));
#2247=DIRECTION('',(0.,1.,0.));
#2248=DIRECTION('',(1.,0.,0.));
#2249=DIRECTION('',(-3.21803775253668E-16,0.,-1.));
#2250=DIRECTION('',(0.,1.,0.));
#2251=DIRECTION('',(1.,0.,0.));
#2252=DIRECTION('',(0.,1.,0.));
#2253=DIRECTION('',(1.,0.,0.));
#2254=DIRECTION('',(0.,1.,0.));
#2255=DIRECTION('',(1.,0.,0.));
#2256=DIRECTION('',(0.,1.,0.));
#2257=DIRECTION('',(1.,0.,0.));
#2258=DIRECTION('',(-3.22739251344522E-16,0.,-1.));
#2259=DIRECTION('',(0.,1.,0.));
#2260=DIRECTION('',(1.,0.,0.));
#2261=DIRECTION('',(1.,0.,0.));
#2262=DIRECTION('',(-1.77920356510441E-16,0.,-1.));
#2263=DIRECTION('',(1.,0.,0.));
#2264=DIRECTION('',(0.,1.,0.));
#2265=DIRECTION('',(1.,0.,0.));
#2266=DIRECTION('',(-3.22739251344522E-16,0.,1.));
#2267=DIRECTION('',(1.,0.,0.));
#2268=DIRECTION('',(3.22739251344522E-16,0.,1.));
#2269=DIRECTION('',(0.,1.,0.));
#2270=DIRECTION('',(1.,0.,0.));
#2271=DIRECTION('',(-1.,0.,0.));
#2272=DIRECTION('',(2.37227142013923E-16,0.,-1.));
#2273=DIRECTION('',(-1.,0.,0.));
#2274=DIRECTION('',(0.,1.,0.));
#2275=DIRECTION('',(1.,0.,0.));
#2276=DIRECTION('',(3.22739251344522E-16,0.,-1.));
#2277=DIRECTION('',(1.,0.,0.));
#2278=DIRECTION('',(0.,0.,1.));
#2279=DIRECTION('',(0.,-1.,0.));
#2280=DIRECTION('',(-1.,0.,0.));
#2281=DIRECTION('',(0.,-1.,0.));
#2282=DIRECTION('',(-1.,0.,0.));
#2283=DIRECTION('',(0.,-1.,0.));
#2284=DIRECTION('',(1.,0.,0.));
#2285=DIRECTION('',(0.,-1.,0.));
#2286=DIRECTION('',(0.,0.,1.));
#2287=DIRECTION('',(0.,-1.,0.));
#2288=DIRECTION('',(0.,0.,1.));
#2289=DIRECTION('',(0.,-1.,0.));
#2290=DIRECTION('',(0.,0.,1.));
#2291=DIRECTION('',(0.,-1.,0.));
#2292=DIRECTION('',(-1.,0.,0.));
#2293=DIRECTION('',(0.,-1.,0.));
#2294=DIRECTION('',(-1.,0.,0.));
#2295=DIRECTION('',(0.,-1.,0.));
#2296=DIRECTION('',(1.,0.,0.));
#2297=DIRECTION('',(0.,-1.,0.));
#2298=DIRECTION('',(0.,0.,1.));
#2299=DIRECTION('',(0.,-1.,0.));
#2300=DIRECTION('',(0.,0.,1.));
#2301=DIRECTION('',(0.,-1.,0.));
#2302=DIRECTION('',(0.,1.,0.));
#2303=DIRECTION('',(1.,0.,0.));
#2304=DIRECTION('',(0.,1.,0.));
#2305=DIRECTION('',(1.,0.,0.));
#2306=DIRECTION('',(1.,0.,0.));
#2307=DIRECTION('',(0.,1.,0.));
#2308=DIRECTION('',(1.,0.,0.));
#2309=DIRECTION('',(2.96059473233375E-16,0.,1.));
#2310=DIRECTION('',(0.,1.,0.));
#2311=DIRECTION('',(1.,0.,0.));
#2312=DIRECTION('',(-1.,0.,0.));
#2313=DIRECTION('',(0.,1.,0.));
#2314=DIRECTION('',(1.,0.,0.));
#2315=DIRECTION('',(0.,0.,-1.));
#2316=DIRECTION('',(0.,1.,0.));
#2317=DIRECTION('',(1.,0.,0.));
#2318=DIRECTION('',(0.,1.,0.));
#2319=DIRECTION('',(1.,0.,0.));
#2320=DIRECTION('',(0.,1.,0.));
#2321=DIRECTION('',(1.,0.,0.));
#2322=DIRECTION('',(0.,1.,0.));
#2323=DIRECTION('',(1.,0.,0.));
#2324=DIRECTION('',(0.,1.,0.));
#2325=DIRECTION('',(1.,0.,0.));
#2326=DIRECTION('',(0.,1.,0.));
#2327=DIRECTION('',(1.,0.,0.));
#2328=DIRECTION('',(0.,1.,0.));
#2329=DIRECTION('',(1.,0.,0.));
#2330=DIRECTION('',(0.,1.,0.));
#2331=DIRECTION('',(1.,0.,0.));
#2332=DIRECTION('',(0.,1.,0.));
#2333=DIRECTION('',(1.,0.,0.));
#2334=DIRECTION('',(0.,1.,0.));
#2335=DIRECTION('',(1.,0.,0.));
#2336=DIRECTION('',(0.,1.,0.));
#2337=DIRECTION('',(1.,0.,0.));
#2338=DIRECTION('',(0.,1.,0.));
#2339=DIRECTION('',(1.,0.,0.));
#2340=DIRECTION('',(0.,1.,0.));
#2341=DIRECTION('',(1.,0.,0.));
#2342=DIRECTION('',(0.,1.,0.));
#2343=DIRECTION('',(1.,0.,0.));
#2344=DIRECTION('',(0.,-1.,0.));
#2345=DIRECTION('',(-1.,0.,0.));
#2346=DIRECTION('',(-1.,0.,0.));
#2347=DIRECTION('',(0.,1.,0.));
#2348=DIRECTION('',(0.,1.,0.));
#2349=DIRECTION('',(0.,0.,-1.));
#2350=DIRECTION('',(0.,1.,0.));
#2351=DIRECTION('',(0.,0.,1.));
#2352=DIRECTION('',(0.,0.,-1.));
#2353=DIRECTION('',(0.,1.,0.));
#2354=DIRECTION('',(0.,1.,0.));
#2355=DIRECTION('',(1.,0.,0.));
#2356=DIRECTION('',(0.,1.,0.));
#2357=DIRECTION('',(-1.,0.,0.));
#2358=DIRECTION('',(-1.,0.,3.21803775253668E-16));
#2359=DIRECTION('',(3.21803775253668E-16,0.,1.));
#2360=DIRECTION('',(0.,1.,0.));
#2361=DIRECTION('',(3.21803775253668E-16,0.,1.));
#2362=DIRECTION('',(0.,1.,0.));
#2363=DIRECTION('',(3.21803775253668E-16,0.,1.));
#2364=DIRECTION('',(0.,0.,-1.));
#2365=DIRECTION('',(0.,1.,0.));
#2366=DIRECTION('',(0.,1.,0.));
#2367=DIRECTION('',(-1.,0.,0.));
#2368=DIRECTION('',(0.,1.,0.));
#2369=DIRECTION('',(-1.,0.,0.));
#2370=DIRECTION('',(-1.,0.,0.));
#2371=DIRECTION('',(0.,1.,0.));
#2372=DIRECTION('',(0.,1.,0.));
#2373=DIRECTION('',(0.,0.,1.));
#2374=DIRECTION('',(0.,1.,0.));
#2375=DIRECTION('',(0.,0.,1.));
#2376=DIRECTION('',(0.,0.,-1.));
#2377=DIRECTION('',(0.,1.,0.));
#2378=DIRECTION('',(0.,1.,0.));
#2379=DIRECTION('',(1.,0.,0.));
#2380=DIRECTION('',(0.,1.,0.));
#2381=DIRECTION('',(-1.,0.,0.));
#2382=DIRECTION('',(1.,0.,-2.96059473233375E-16));
#2383=DIRECTION('',(-2.96059473233375E-16,0.,-1.));
#2384=DIRECTION('',(0.,1.,0.));
#2385=DIRECTION('',(-2.96059473233375E-16,0.,-1.));
#2386=DIRECTION('',(0.,1.,0.));
#2387=DIRECTION('',(-2.96059473233375E-16,0.,-1.));
#2388=DIRECTION('',(0.,0.,1.));
#2389=DIRECTION('',(0.,-1.,0.));
#2390=DIRECTION('',(0.,1.,0.));
#2391=DIRECTION('',(-1.,0.,0.));
#2392=DIRECTION('',(0.,1.,0.));
#2393=DIRECTION('',(1.,0.,0.));
#2394=DIRECTION('',(0.,1.,0.));
#2395=DIRECTION('',(1.,0.,0.));
#2396=DIRECTION('',(0.,1.,0.));
#2397=DIRECTION('',(1.,0.,0.));
#2398=DIRECTION('',(0.,1.,0.));
#2399=DIRECTION('',(1.,0.,0.));
#2400=DIRECTION('',(0.,1.,0.));
#2401=DIRECTION('',(1.,0.,0.));
#2402=DIRECTION('',(0.,1.,0.));
#2403=DIRECTION('',(1.,0.,0.));
#2404=DIRECTION('',(0.,1.,0.));
#2405=DIRECTION('',(1.,0.,0.));
#2406=DIRECTION('',(0.,1.,0.));
#2407=DIRECTION('',(1.,0.,0.));
#2408=DIRECTION('',(0.,1.,0.));
#2409=DIRECTION('',(1.,0.,0.));
#2410=DIRECTION('',(0.,1.,0.));
#2411=DIRECTION('',(1.,0.,0.));
#2412=DIRECTION('',(0.,1.,0.));
#2413=DIRECTION('',(1.,0.,0.));
#2414=DIRECTION('',(1.,0.,0.));
#2415=DIRECTION('',(-3.22739251344522E-16,0.,1.));
#2416=DIRECTION('',(0.,1.,0.));
#2417=DIRECTION('',(1.,0.,0.));
#2418=DIRECTION('',(1.,0.,0.));
#2419=DIRECTION('',(-1.77920356510441E-16,0.,-1.));
#2420=DIRECTION('',(1.,0.,0.));
#2421=DIRECTION('',(0.,1.,0.));
#2422=DIRECTION('',(1.,0.,0.));
#2423=DIRECTION('',(-3.22739251344522E-16,0.,-1.));
#2424=DIRECTION('',(1.,0.,0.));
#2425=DIRECTION('',(3.22739251344522E-16,0.,-1.));
#2426=DIRECTION('',(0.,1.,0.));
#2427=DIRECTION('',(1.,0.,0.));
#2428=DIRECTION('',(-1.,0.,0.));
#2429=DIRECTION('',(2.37227142013923E-16,0.,-1.));
#2430=DIRECTION('',(-1.,0.,0.));
#2431=DIRECTION('',(0.,1.,0.));
#2432=DIRECTION('',(1.,0.,0.));
#2433=DIRECTION('',(3.22739251344522E-16,0.,1.));
#2434=DIRECTION('',(0.,0.,-1.));
#2435=DIRECTION('',(0.,1.,0.));
#2436=DIRECTION('',(0.,-1.,0.));
#2437=DIRECTION('',(0.,-1.,0.));
#2438=DIRECTION('',(-1.,0.,-3.22739251344522E-16));
#2439=DIRECTION('',(-3.22739251344522E-16,0.,1.));
#2440=DIRECTION('',(0.,-1.,0.));
#2441=DIRECTION('',(0.,1.,0.));
#2442=DIRECTION('',(1.,0.,0.));
#2443=DIRECTION('',(0.,-1.,0.));
#2444=DIRECTION('',(0.,0.,1.));
#2445=DIRECTION('',(0.,-1.,0.));
#2446=DIRECTION('',(0.,-1.,0.));
#2447=DIRECTION('',(-1.,0.,-2.37227142013923E-16));
#2448=DIRECTION('',(-2.37227142013923E-16,0.,1.));
#2449=DIRECTION('',(0.,-1.,0.));
#2450=DIRECTION('',(0.,0.,1.));
#2451=DIRECTION('',(0.,-1.,0.));
#2452=DIRECTION('',(0.,-1.,0.));
#2453=DIRECTION('',(0.,1.,0.));
#2454=DIRECTION('',(1.,0.,0.));
#2455=DIRECTION('',(0.,-1.,0.));
#2456=DIRECTION('',(1.,0.,-3.22739251344522E-16));
#2457=DIRECTION('',(-3.22739251344522E-16,0.,-1.));
#2458=DIRECTION('',(0.,-1.,0.));
#2459=DIRECTION('',(0.,0.,-1.));
#2460=DIRECTION('',(0.,1.,0.));
#2461=DIRECTION('',(0.,-1.,0.));
#2462=DIRECTION('',(1.,0.,3.22739251344522E-16));
#2463=DIRECTION('',(3.22739251344522E-16,0.,-1.));
#2464=DIRECTION('',(0.,-1.,0.));
#2465=DIRECTION('',(0.,1.,0.));
#2466=DIRECTION('',(1.,0.,0.));
#2467=DIRECTION('',(0.,-1.,0.));
#2468=DIRECTION('',(0.,0.,-1.));
#2469=DIRECTION('',(0.,1.,0.));
#2470=DIRECTION('',(0.,-1.,0.));
#2471=DIRECTION('',(-1.,0.,1.77920356510441E-16));
#2472=DIRECTION('',(1.77920356510441E-16,0.,1.));
#2473=DIRECTION('',(0.,-1.,0.));
#2474=DIRECTION('',(0.,0.,-1.));
#2475=DIRECTION('',(0.,1.,0.));
#2476=DIRECTION('',(0.,-1.,0.));
#2477=DIRECTION('',(0.,1.,0.));
#2478=DIRECTION('',(1.,0.,0.));
#2479=DIRECTION('',(0.,-1.,0.));
#2480=DIRECTION('',(-1.,0.,3.22739251344522E-16));
#2481=DIRECTION('',(3.22739251344522E-16,0.,1.));
#2482=DIRECTION('',(0.,-1.,0.));
#2483=DIRECTION('',(-1.,0.,0.));
#2484=DIRECTION('',(0.,1.,0.));
#2485=DIRECTION('',(1.,0.,0.));
#2486=DIRECTION('',(0.,1.,0.));
#2487=DIRECTION('',(1.,0.,0.));
#2488=DIRECTION('',(0.,1.,0.));
#2489=DIRECTION('',(1.,0.,0.));
#2490=DIRECTION('',(0.,1.,0.));
#2491=DIRECTION('',(1.,0.,0.));
#2492=DIRECTION('',(0.,1.,0.));
#2493=DIRECTION('',(1.,0.,0.));
#2494=DIRECTION('',(0.,-1.,0.));
#2495=DIRECTION('',(-1.,0.,0.));
#2496=DIRECTION('',(0.,1.,0.));
#2497=DIRECTION('',(1.,0.,0.));
#2498=DIRECTION('',(0.,-1.,0.));
#2499=DIRECTION('',(-1.,0.,0.));
#2500=DIRECTION('',(0.,1.,0.));
#2501=DIRECTION('',(1.,0.,0.));
#2502=DIRECTION('',(0.,-1.,0.));
#2503=DIRECTION('',(-1.,0.,0.));
#2504=DIRECTION('',(0.,1.,0.));
#2505=DIRECTION('',(1.,0.,0.));
#2506=DIRECTION('',(0.,1.,0.));
#2507=DIRECTION('',(1.,0.,0.));
#2508=DIRECTION('',(0.,1.,0.));
#2509=DIRECTION('',(1.,0.,0.));
#2510=DIRECTION('',(0.,1.,0.));
#2511=DIRECTION('',(1.,0.,0.));
#2512=DIRECTION('',(0.,1.,0.));
#2513=DIRECTION('',(1.,0.,0.));
#2514=DIRECTION('',(0.,1.,0.));
#2515=DIRECTION('',(1.,0.,0.));
#2516=DIRECTION('',(0.,1.,0.));
#2517=DIRECTION('',(1.,0.,0.));
#2518=DIRECTION('',(0.,1.,0.));
#2519=DIRECTION('',(1.,0.,0.));
#2520=DIRECTION('',(0.,1.,0.));
#2521=DIRECTION('',(1.,0.,0.));
#2522=DIRECTION('',(0.,1.,0.));
#2523=DIRECTION('',(1.,0.,0.));
#2524=DIRECTION('',(0.,1.,0.));
#2525=DIRECTION('',(1.,0.,0.));
#2526=DIRECTION('',(0.,1.,0.));
#2527=DIRECTION('',(1.,0.,0.));
#2528=DIRECTION('',(0.,1.,0.));
#2529=DIRECTION('',(1.,0.,0.));
#2530=DIRECTION('',(0.,1.,0.));
#2531=DIRECTION('',(1.,0.,0.));
#2532=DIRECTION('',(0.,1.,0.));
#2533=DIRECTION('',(1.,0.,0.));
#2534=DIRECTION('',(0.,-1.,0.));
#2535=DIRECTION('',(1.,0.,0.));
#2536=DIRECTION('',(0.,1.,0.));
#2537=DIRECTION('',(1.,0.,0.));
#2538=DIRECTION('',(0.,1.,0.));
#2539=DIRECTION('',(1.,0.,0.));
#2540=DIRECTION('',(0.,1.,0.));
#2541=DIRECTION('',(1.,0.,0.));
#2542=DIRECTION('',(0.,-1.,0.));
#2543=DIRECTION('',(1.,0.,0.));
#2544=DIRECTION('',(0.,1.,0.));
#2545=DIRECTION('',(1.,0.,0.));
#2546=DIRECTION('',(0.,1.,0.));
#2547=DIRECTION('',(1.,0.,0.));
#2548=DIRECTION('',(0.,1.,0.));
#2549=DIRECTION('',(1.,0.,0.));
#2550=DIRECTION('',(0.,1.,0.));
#2551=DIRECTION('',(1.,0.,0.));
#2552=DIRECTION('',(0.,1.,0.));
#2553=DIRECTION('',(1.,0.,0.));
#2554=DIRECTION('',(0.,-0.707106781186548,0.707106781186548));
#2555=DIRECTION('',(-1.,0.,0.));
#2556=DIRECTION('',(0.,-0.707106781186548,-0.707106781186548));
#2557=DIRECTION('',(0.,0.707106781186548,0.707106781186548));
#2558=DIRECTION('',(0.,1.,0.));
#2559=DIRECTION('',(1.,0.,0.));
#2560=DIRECTION('',(0.707106781186543,0.707106781186552,0.));
#2561=DIRECTION('',(0.,1.,0.));
#2562=DIRECTION('',(1.,0.,0.));
#2563=DIRECTION('',(0.707106781186548,-0.707106781186548,0.));
#2564=DIRECTION('',(-0.707106781186548,0.707106781186548,2.09345661157836E-16));
#2565=DIRECTION('',(2.96059473233375E-16,0.,1.));
#2566=DIRECTION('',(0.707106781186543,0.707106781186552,0.));
#2567=DIRECTION('',(0.707106781186548,0.707106781186548,0.));
#2568=DIRECTION('',(0.,0.,-1.));
#2569=DIRECTION('',(0.707106781186548,-0.707106781186548,0.));
#2570=DIRECTION('',(0.,1.,0.));
#2571=DIRECTION('',(1.,0.,0.));
#2572=DIRECTION('',(0.,0.707106781186548,-0.707106781186548));
#2573=DIRECTION('',(0.,1.,0.));
#2574=DIRECTION('',(1.,0.,0.));
#2575=DIRECTION('',(0.,-0.707106781186548,0.707106781186548));
#2576=DIRECTION('',(0.,0.707106781186548,0.707106781186548));
#2577=DIRECTION('',(1.,0.,0.));
#2578=DIRECTION('',(0.,-0.707106781186548,-0.707106781186548));
#2579=DIRECTION('',(1.,0.,0.));
#2580=DIRECTION('',(0.,0.707106781186548,-0.707106781186548));
#2581=DIRECTION('',(0.,-0.707106781186548,0.707106781186548));
#2582=DIRECTION('',(0.,-1.,0.));
#2583=DIRECTION('',(-1.,0.,0.));
#2584=DIRECTION('',(0.707106781186548,-0.707106781186548,0.));
#2585=DIRECTION('',(0.,-1.,0.));
#2586=DIRECTION('',(-1.,0.,0.));
#2587=DIRECTION('',(0.707106781186548,0.707106781186548,0.));
#2588=DIRECTION('',(0.707106781186548,0.707106781186548,-2.27549631693301E-16));
#2589=DIRECTION('',(-3.21803775253668E-16,0.,-1.));
#2590=DIRECTION('',(0.707106781186548,-0.707106781186548,0.));
#2591=DIRECTION('',(0.707106781186548,-0.707106781186548,0.));
#2592=DIRECTION('',(0.,0.,1.));
#2593=DIRECTION('',(0.707106781186548,0.707106781186548,0.));
#2594=DIRECTION('',(0.,-1.,0.));
#2595=DIRECTION('',(-1.,0.,0.));
#2596=DIRECTION('',(0.,-0.707106781186543,-0.707106781186552));
#2597=DIRECTION('',(0.,-1.,0.));
#2598=DIRECTION('',(-1.,0.,0.));
#2599=DIRECTION('',(0.,0.707106781186548,0.707106781186548));
#2600=DIRECTION('',(0.,-0.707106781186548,0.707106781186548));
#2601=DIRECTION('',(-1.,0.,0.));
#2602=DIRECTION('',(0.,-1.,0.));
#2603=DIRECTION('',(-1.,0.,0.));
#2604=DIRECTION('',(0.,1.,0.));
#2605=DIRECTION('',(1.,0.,0.));
#2606=DIRECTION('',(0.,-1.,0.));
#2607=DIRECTION('',(-1.,0.,0.));
#2608=DIRECTION('',(0.,1.,0.));
#2609=DIRECTION('',(1.,0.,0.));
#2610=DIRECTION('',(0.,1.,0.));
#2611=DIRECTION('',(1.,0.,0.));
#2612=CARTESIAN_POINT('',(0.,0.,0.));
#2613=CARTESIAN_POINT('',(0.,0.02,0.));
#2614=CARTESIAN_POINT('',(0.023125,0.02,-0.033125));
#2615=CARTESIAN_POINT('',(0.037375,0.02,-0.033125));
#2616=CARTESIAN_POINT('',(0.023125,0.02,-0.047375));
#2617=CARTESIAN_POINT('',(-0.023125,0.02,-0.047375));
#2618=CARTESIAN_POINT('',(-0.023125,0.02,-0.047375));
#2619=CARTESIAN_POINT('',(-0.023125,0.02,-0.033125));
#2620=CARTESIAN_POINT('',(-0.037375,0.02,-0.033125));
#2621=CARTESIAN_POINT('',(-0.037375,0.02,0.033125));
#2622=CARTESIAN_POINT('',(-0.037375,0.02,0.033125));
#2623=CARTESIAN_POINT('',(-0.023125,0.02,0.033125));
#2624=CARTESIAN_POINT('',(-0.023125,0.02,0.047375));
#2625=CARTESIAN_POINT('',(0.,0.02,0.047375));
#2626=CARTESIAN_POINT('',(0.023125,0.02,0.047375));
#2627=CARTESIAN_POINT('',(0.023125,0.02,0.033125));
#2628=CARTESIAN_POINT('',(0.037375,0.02,0.033125));
#2629=CARTESIAN_POINT('',(0.037375,0.02,-0.033125));
#2630=CARTESIAN_POINT('',(0.035,0.02,0.05));
#2631=CARTESIAN_POINT('',(0.025,0.02,0.05));
#2632=CARTESIAN_POINT('',(-0.025,0.02,0.05));
#2633=CARTESIAN_POINT('',(-0.025,0.02,0.035));
#2634=CARTESIAN_POINT('',(-0.04,0.02,0.035));
#2635=CARTESIAN_POINT('',(-0.04,0.02,-0.045));
#2636=CARTESIAN_POINT('',(-0.04,0.02,-0.035));
#2637=CARTESIAN_POINT('',(-0.025,0.02,-0.035));
#2638=CARTESIAN_POINT('',(-0.025,0.02,-0.05));
#2639=CARTESIAN_POINT('',(0.035,0.02,-0.05));
#2640=CARTESIAN_POINT('',(0.025,0.02,-0.05));
#2641=CARTESIAN_POINT('',(0.025,0.02,-0.035));
#2642=CARTESIAN_POINT('',(0.04,0.02,-0.035));
#2643=CARTESIAN_POINT('',(0.04,0.02,-0.045));
#2644=CARTESIAN_POINT('',(0.04,0.02,0.035));
#2645=CARTESIAN_POINT('',(0.025,0.02,0.035));
#2646=CARTESIAN_POINT('',(0.,0.023,0.));
#2647=CARTESIAN_POINT('',(-0.024625,0.023,0.034625));
#2648=CARTESIAN_POINT('',(-0.022475,0.023,0.034625));
#2649=CARTESIAN_POINT('',(0.024625,0.023,0.034625));
#2650=CARTESIAN_POINT('',(0.026775,0.023,0.034625));
#2651=CARTESIAN_POINT('',(-0.024625,0.023,-0.034625));
#2652=CARTESIAN_POINT('',(-0.022475,0.023,-0.034625));
#2653=CARTESIAN_POINT('',(-0.04,0.023,-0.045));
#2654=CARTESIAN_POINT('',(-0.04,0.023,-0.035));
#2655=CARTESIAN_POINT('',(-0.04,0.023,0.035));
#2656=CARTESIAN_POINT('',(-0.025,0.023,0.035));
#2657=CARTESIAN_POINT('',(-0.025,0.023,0.05));
#2658=CARTESIAN_POINT('',(0.035,0.023,0.05));
#2659=CARTESIAN_POINT('',(0.025,0.023,0.05));
#2660=CARTESIAN_POINT('',(0.025,0.023,0.035));
#2661=CARTESIAN_POINT('',(0.04,0.023,0.035));
#2662=CARTESIAN_POINT('',(0.04,0.023,-0.045));
#2663=CARTESIAN_POINT('',(0.04,0.023,-0.035));
#2664=CARTESIAN_POINT('',(0.025,0.023,-0.035));
#2665=CARTESIAN_POINT('',(0.025,0.023,-0.05));
#2666=CARTESIAN_POINT('',(0.035,0.023,-0.05));
#2667=CARTESIAN_POINT('',(-0.025,0.023,-0.05));
#2668=CARTESIAN_POINT('',(-0.025,0.023,-0.035));
#2669=CARTESIAN_POINT('',(0.024625,0.023,-0.034625));
#2670=CARTESIAN_POINT('',(0.026775,0.023,-0.034625));
#2671=CARTESIAN_POINT('',(0.,0.02,0.));
#2672=CARTESIAN_POINT('',(-0.023125,0.02,-0.033125));
#2673=CARTESIAN_POINT('',(-0.032625,0.02,-0.033125));
#2674=CARTESIAN_POINT('',(-0.023125,0.02,-0.042625));
#2675=CARTESIAN_POINT('',(0.,0.02,-0.042625));
#2676=CARTESIAN_POINT('',(0.023125,0.02,-0.042625));
#2677=CARTESIAN_POINT('',(0.023125,0.02,-0.033125));
#2678=CARTESIAN_POINT('',(0.032625,0.02,-0.033125));
#2679=CARTESIAN_POINT('',(0.032625,0.02,0.033125));
#2680=CARTESIAN_POINT('',(0.032625,0.02,0.033125));
#2681=CARTESIAN_POINT('',(0.023125,0.02,0.033125));
#2682=CARTESIAN_POINT('',(0.023125,0.02,0.042625));
#2683=CARTESIAN_POINT('',(0.,0.02,0.042625));
#2684=CARTESIAN_POINT('',(-0.023125,0.02,0.042625));
#2685=CARTESIAN_POINT('',(-0.023125,0.02,0.033125));
#2686=CARTESIAN_POINT('',(-0.032625,0.02,0.033125));
#2687=CARTESIAN_POINT('',(-0.032625,0.02,0.));
#2688=CARTESIAN_POINT('',(0.024625,0.02,0.034625));
#2689=CARTESIAN_POINT('',(0.026775,0.02,0.034625));
#2690=CARTESIAN_POINT('',(-0.024625,0.02,-0.034625));
#2691=CARTESIAN_POINT('',(-0.022475,0.02,-0.034625));
#2692=CARTESIAN_POINT('',(-0.024625,0.02,0.034625));
#2693=CARTESIAN_POINT('',(-0.022475,0.02,0.034625));
#2694=CARTESIAN_POINT('',(0.024625,0.02,-0.034625));
#2695=CARTESIAN_POINT('',(0.026775,0.02,-0.034625));
#2696=CARTESIAN_POINT('',(0.04,0.023,-0.045));
#2697=CARTESIAN_POINT('',(0.04,0.023,0.035));
#2698=CARTESIAN_POINT('',(0.04,0.023,-0.035));
#2699=CARTESIAN_POINT('',(0.035,0.023,-0.05));
#2700=CARTESIAN_POINT('',(0.025,0.02,-0.05));
#2701=CARTESIAN_POINT('',(-0.025,0.023,-0.05));
#2702=CARTESIAN_POINT('',(-0.04,0.023,-0.045));
#2703=CARTESIAN_POINT('',(-0.04,0.023,0.035));
#2704=CARTESIAN_POINT('',(-0.04,0.023,-0.035));
#2705=CARTESIAN_POINT('',(0.035,0.023,0.05));
#2706=CARTESIAN_POINT('',(-0.025,0.02,0.05));
#2707=CARTESIAN_POINT('',(0.025,0.023,0.05));
#2708=CARTESIAN_POINT('',(-0.024625,0.014,-0.034625));
#2709=CARTESIAN_POINT('',(0.024625,0.014,0.034625));
#2710=CARTESIAN_POINT('',(-0.024625,0.014,0.034625));
#2711=CARTESIAN_POINT('',(0.024625,0.014,-0.034625));
#2712=CARTESIAN_POINT('',(0.,0.0205,0.));
#2713=CARTESIAN_POINT('',(-0.036875,0.0205,-0.0234375));
#2714=CARTESIAN_POINT('',(-0.036875,0.0205,-0.033125));
#2715=CARTESIAN_POINT('',(-0.036875,0.0205,0.033125));
#2716=CARTESIAN_POINT('',(-0.023125,0.0205,-0.033125));
#2717=CARTESIAN_POINT('',(-0.023125,0.0205,-0.046875));
#2718=CARTESIAN_POINT('',(-0.0184375,0.0205,-0.046875));
#2719=CARTESIAN_POINT('',(0.023125,0.0205,-0.046875));
#2720=CARTESIAN_POINT('',(0.023125,0.0205,-0.033125));
#2721=CARTESIAN_POINT('',(0.036875,0.0205,-0.033125));
#2722=CARTESIAN_POINT('',(0.036875,0.0205,0.0234375));
#2723=CARTESIAN_POINT('',(0.036875,0.0205,0.033125));
#2724=CARTESIAN_POINT('',(0.023125,0.0205,0.033125));
#2725=CARTESIAN_POINT('',(0.023125,0.0205,0.046875));
#2726=CARTESIAN_POINT('',(-0.0184375,0.0205,0.046875));
#2727=CARTESIAN_POINT('',(-0.023125,0.0205,0.046875));
#2728=CARTESIAN_POINT('',(-0.023125,0.0205,0.033125));
#2729=CARTESIAN_POINT('',(-0.0165625,0.0205,-0.043125));
#2730=CARTESIAN_POINT('',(0.023125,0.0205,-0.043125));
#2731=CARTESIAN_POINT('',(-0.023125,0.0205,-0.043125));
#2732=CARTESIAN_POINT('',(-0.023125,0.0205,-0.033125));
#2733=CARTESIAN_POINT('',(-0.033125,0.0205,-0.033125));
#2734=CARTESIAN_POINT('',(-0.033125,0.0205,-0.0215625));
#2735=CARTESIAN_POINT('',(-0.033125,0.0205,0.033125));
#2736=CARTESIAN_POINT('',(-0.023125,0.0205,0.033125));
#2737=CARTESIAN_POINT('',(-0.023125,0.0205,0.043125));
#2738=CARTESIAN_POINT('',(0.0165625,0.0205,0.043125));
#2739=CARTESIAN_POINT('',(0.023125,0.0205,0.043125));
#2740=CARTESIAN_POINT('',(0.023125,0.0205,0.033125));
#2741=CARTESIAN_POINT('',(0.033125,0.0205,0.033125));
#2742=CARTESIAN_POINT('',(0.033125,0.0205,-0.0215625));
#2743=CARTESIAN_POINT('',(0.033125,0.0205,-0.033125));
#2744=CARTESIAN_POINT('',(0.023125,0.0205,-0.033125));
#2745=CARTESIAN_POINT('',(-0.0184375,0.0205,0.046875));
#2746=CARTESIAN_POINT('',(-0.023125,0.0205,0.046875));
#2747=CARTESIAN_POINT('',(0.023125,0.02,0.047375));
#2748=CARTESIAN_POINT('',(0.023125,0.02,0.033125));
#2749=CARTESIAN_POINT('',(0.037375,0.02,0.033125));
#2750=CARTESIAN_POINT('',(-0.023125,0.02,0.033125));
#2751=CARTESIAN_POINT('',(-0.036875,0.0205,0.033125));
#2752=CARTESIAN_POINT('',(0.037375,0.02,-1.10652228120974E-17));
#2753=CARTESIAN_POINT('',(0.037375,0.02,-0.033125));
#2754=CARTESIAN_POINT('',(-0.037375,0.02,0.));
#2755=CARTESIAN_POINT('',(-0.036875,0.0205,-0.033125));
#2756=CARTESIAN_POINT('',(0.023125,0.02,-0.033125));
#2757=CARTESIAN_POINT('',(0.023125,0.02,-0.047375));
#2758=CARTESIAN_POINT('',(-0.023125,0.02,-0.033125));
#2759=CARTESIAN_POINT('',(-0.023125,0.0205,-0.046875));
#2760=CARTESIAN_POINT('',(0.,0.02,-0.047375));
#2761=CARTESIAN_POINT('',(0.0165625,0.0205,0.043125));
#2762=CARTESIAN_POINT('',(-0.023125,0.02,0.042625));
#2763=CARTESIAN_POINT('',(0.023125,0.0205,0.043125));
#2764=CARTESIAN_POINT('',(0.023125,0.02,0.033125));
#2765=CARTESIAN_POINT('',(0.033125,0.0205,0.033125));
#2766=CARTESIAN_POINT('',(-0.023125,0.02,0.033125));
#2767=CARTESIAN_POINT('',(-0.032625,0.02,0.033125));
#2768=CARTESIAN_POINT('',(0.032625,0.02,-1.04988481676509E-17));
#2769=CARTESIAN_POINT('',(0.033125,0.0205,-0.033125));
#2770=CARTESIAN_POINT('',(-0.033125,0.0205,-0.0215625));
#2771=CARTESIAN_POINT('',(-0.032625,0.02,-0.033125));
#2772=CARTESIAN_POINT('',(0.023125,0.02,-0.033125));
#2773=CARTESIAN_POINT('',(0.023125,0.0205,-0.043125));
#2774=CARTESIAN_POINT('',(-0.023125,0.02,-0.033125));
#2775=CARTESIAN_POINT('',(-0.023125,0.02,-0.042625));
#2776=CARTESIAN_POINT('',(-0.0165625,0.0205,-0.043125));
#2777=CARTESIAN_POINT('',(-0.025,0.023,0.035));
#2778=CARTESIAN_POINT('',(0.025,0.023,0.035));
#2779=CARTESIAN_POINT('',(0.025,0.023,-0.035));
#2780=CARTESIAN_POINT('',(-0.025,0.023,-0.035));
#2781=CARTESIAN_POINT('',(0.0435477630373141,-0.0224767003330676,0.0159484317542481));
#2782=CARTESIAN_POINT('',(0.,0.02,0.));
#2783=CARTESIAN_POINT('',(0.023125,0.02,-0.033125));
#2784=CARTESIAN_POINT('',(0.032625,0.02,-0.033125));
#2785=CARTESIAN_POINT('',(0.023125,0.02,-0.042625));
#2786=CARTESIAN_POINT('',(0.,0.02,-0.042625));
#2787=CARTESIAN_POINT('',(-0.023125,0.02,-0.042625));
#2788=CARTESIAN_POINT('',(-0.023125,0.02,-0.033125));
#2789=CARTESIAN_POINT('',(-0.032625,0.02,-0.033125));
#2790=CARTESIAN_POINT('',(-0.032625,0.02,0.));
#2791=CARTESIAN_POINT('',(-0.032625,0.02,0.033125));
#2792=CARTESIAN_POINT('',(-0.023125,0.02,0.033125));
#2793=CARTESIAN_POINT('',(-0.023125,0.02,0.042625));
#2794=CARTESIAN_POINT('',(0.,0.02,0.042625));
#2795=CARTESIAN_POINT('',(0.023125,0.02,0.042625));
#2796=CARTESIAN_POINT('',(0.023125,0.02,0.033125));
#2797=CARTESIAN_POINT('',(0.032625,0.02,0.033125));
#2798=CARTESIAN_POINT('',(0.032625,0.02,-0.033125));
#2799=CARTESIAN_POINT('',(0.024625,0.02,0.034625));
#2800=CARTESIAN_POINT('',(0.027275,0.02,0.034625));
#2801=CARTESIAN_POINT('',(-0.024625,0.02,0.034625));
#2802=CARTESIAN_POINT('',(-0.021975,0.02,0.034625));
#2803=CARTESIAN_POINT('',(0.024625,0.02,-0.034625));
#2804=CARTESIAN_POINT('',(0.027275,0.02,-0.034625));
#2805=CARTESIAN_POINT('',(-0.024625,0.02,-0.034625));
#2806=CARTESIAN_POINT('',(-0.021975,0.02,-0.034625));
#2807=CARTESIAN_POINT('',(-0.01925,0.02,0.034625));
#2808=CARTESIAN_POINT('',(-0.01925,0.02,0.04));
#2809=CARTESIAN_POINT('',(-0.01925,0.02,0.03125));
#2810=CARTESIAN_POINT('',(-0.02125,0.02,0.03125));
#2811=CARTESIAN_POINT('',(-0.02125,0.02,0.02925));
#2812=CARTESIAN_POINT('',(-0.024625,0.02,0.02925));
#2813=CARTESIAN_POINT('',(-0.03,0.02,0.02925));
#2814=CARTESIAN_POINT('',(-0.03,0.02,1.7347234759768E-18));
#2815=CARTESIAN_POINT('',(-0.03,0.02,-0.02925));
#2816=CARTESIAN_POINT('',(-0.024625,0.02,-0.02925));
#2817=CARTESIAN_POINT('',(-0.02125,0.02,-0.02925));
#2818=CARTESIAN_POINT('',(-0.02125,0.02,-0.03125));
#2819=CARTESIAN_POINT('',(-0.01925,0.02,-0.03125));
#2820=CARTESIAN_POINT('',(-0.01925,0.02,-0.034625));
#2821=CARTESIAN_POINT('',(-0.01925,0.02,-0.04));
#2822=CARTESIAN_POINT('',(3.46944695195361E-18,0.02,-0.04));
#2823=CARTESIAN_POINT('',(0.01925,0.02,-0.04));
#2824=CARTESIAN_POINT('',(0.01925,0.02,-0.034625));
#2825=CARTESIAN_POINT('',(0.01925,0.02,-0.03125));
#2826=CARTESIAN_POINT('',(0.02125,0.02,-0.03125));
#2827=CARTESIAN_POINT('',(0.02125,0.02,-0.02925));
#2828=CARTESIAN_POINT('',(0.024625,0.02,-0.02925));
#2829=CARTESIAN_POINT('',(0.03,0.02,-0.02925));
#2830=CARTESIAN_POINT('',(0.03,0.02,0.));
#2831=CARTESIAN_POINT('',(0.03,0.02,0.02925));
#2832=CARTESIAN_POINT('',(0.024625,0.02,0.02925));
#2833=CARTESIAN_POINT('',(0.02125,0.02,0.02925));
#2834=CARTESIAN_POINT('',(0.02125,0.02,0.03125));
#2835=CARTESIAN_POINT('',(0.01925,0.02,0.03125));
#2836=CARTESIAN_POINT('',(0.01925,0.02,0.034625));
#2837=CARTESIAN_POINT('',(0.01925,0.02,0.04));
#2838=CARTESIAN_POINT('',(-3.46944695195361E-18,0.02,0.04));
#2839=CARTESIAN_POINT('',(0.035,0.02,-0.05));
#2840=CARTESIAN_POINT('',(0.,-0.01,-0.05));
#2841=CARTESIAN_POINT('',(0.025,-0.01,-0.05));
#2842=CARTESIAN_POINT('',(-0.025,-0.01,-0.05));
#2843=CARTESIAN_POINT('',(-0.025,0.02,-0.05));
#2844=CARTESIAN_POINT('',(-0.025,0.02,-0.05));
#2845=CARTESIAN_POINT('',(0.035,0.02,-0.05));
#2846=CARTESIAN_POINT('',(0.025,0.02,-0.05));
#2847=CARTESIAN_POINT('',(0.025,-0.01,-0.05));
#2848=CARTESIAN_POINT('',(-0.04,0.02,-0.045));
#2849=CARTESIAN_POINT('',(-0.04,0.02,-0.045));
#2850=CARTESIAN_POINT('',(-0.04,0.02,-0.035));
#2851=CARTESIAN_POINT('',(-0.04,0.02,0.035));
#2852=CARTESIAN_POINT('',(-0.04,0.02,-0.035));
#2853=CARTESIAN_POINT('',(-0.04,-0.01,-0.035));
#2854=CARTESIAN_POINT('',(-0.04,-0.01,0.));
#2855=CARTESIAN_POINT('',(-0.04,-0.01,0.035));
#2856=CARTESIAN_POINT('',(-0.04,0.02,0.035));
#2857=CARTESIAN_POINT('',(0.035,0.02,0.05));
#2858=CARTESIAN_POINT('',(0.,-0.01,0.05));
#2859=CARTESIAN_POINT('',(0.025,-0.01,0.05));
#2860=CARTESIAN_POINT('',(-0.025,-0.01,0.05));
#2861=CARTESIAN_POINT('',(0.025,0.02,0.05));
#2862=CARTESIAN_POINT('',(0.025,0.02,0.05));
#2863=CARTESIAN_POINT('',(0.035,0.02,0.05));
#2864=CARTESIAN_POINT('',(-0.025,0.02,0.05));
#2865=CARTESIAN_POINT('',(-0.025,-0.01,0.05));
#2866=CARTESIAN_POINT('',(0.04,0.02,-0.045));
#2867=CARTESIAN_POINT('',(0.04,-0.01,0.));
#2868=CARTESIAN_POINT('',(0.04,-0.01,-0.035));
#2869=CARTESIAN_POINT('',(0.04,-0.01,0.035));
#2870=CARTESIAN_POINT('',(0.04,0.02,-0.035));
#2871=CARTESIAN_POINT('',(0.04,0.02,-0.035));
#2872=CARTESIAN_POINT('',(0.04,0.02,-0.045));
#2873=CARTESIAN_POINT('',(0.04,0.02,0.035));
#2874=CARTESIAN_POINT('',(0.04,0.02,0.035));
#2875=CARTESIAN_POINT('',(0.,0.02,0.));
#2876=CARTESIAN_POINT('',(-0.023125,0.02,-0.033125));
#2877=CARTESIAN_POINT('',(-0.037375,0.02,-0.033125));
#2878=CARTESIAN_POINT('',(-0.023125,0.02,-0.047375));
#2879=CARTESIAN_POINT('',(0.023125,0.02,-0.047375));
#2880=CARTESIAN_POINT('',(0.023125,0.02,-0.047375));
#2881=CARTESIAN_POINT('',(0.023125,0.02,-0.033125));
#2882=CARTESIAN_POINT('',(0.037375,0.02,-0.033125));
#2883=CARTESIAN_POINT('',(0.037375,0.02,0.033125));
#2884=CARTESIAN_POINT('',(0.037375,0.02,0.033125));
#2885=CARTESIAN_POINT('',(0.023125,0.02,0.033125));
#2886=CARTESIAN_POINT('',(0.023125,0.02,0.047375));
#2887=CARTESIAN_POINT('',(0.,0.02,0.047375));
#2888=CARTESIAN_POINT('',(-0.023125,0.02,0.047375));
#2889=CARTESIAN_POINT('',(-0.023125,0.02,0.033125));
#2890=CARTESIAN_POINT('',(-0.037375,0.02,0.033125));
#2891=CARTESIAN_POINT('',(-0.037375,0.02,-0.033125));
#2892=CARTESIAN_POINT('',(-0.025,0.02,-0.035));
#2893=CARTESIAN_POINT('',(-0.025,0.02,0.035));
#2894=CARTESIAN_POINT('',(0.025,0.02,0.035));
#2895=CARTESIAN_POINT('',(0.025,0.02,-0.035));
#2896=CARTESIAN_POINT('',(0.,-0.01,0.));
#2897=CARTESIAN_POINT('',(0.,-0.01,-4.57711741181323E-19));
#2898=CARTESIAN_POINT('',(0.008475,-0.01,-4.57711741181323E-19));
#2899=CARTESIAN_POINT('',(-0.025,-0.01,-0.035));
#2900=CARTESIAN_POINT('',(0.025,-0.01,-0.035));
#2901=CARTESIAN_POINT('',(0.025,-0.01,0.035));
#2902=CARTESIAN_POINT('',(-0.025,-0.01,0.035));
#2903=CARTESIAN_POINT('',(0.,-0.01,-4.57711741181323E-19));
#2904=CARTESIAN_POINT('',(0.,-0.009,-4.57711741181323E-19));
#2905=CARTESIAN_POINT('',(0.007475,-0.009,-4.57711741181323E-19));
#2906=CARTESIAN_POINT('',(0.,-0.005,-4.57711741181323E-19));
#2907=CARTESIAN_POINT('',(0.007475,-0.005,-4.57711741181323E-19));
#2908=CARTESIAN_POINT('',(0.,-0.005,0.));
#2909=CARTESIAN_POINT('',(0.,-0.01,-4.57711741181323E-19));
#2910=CARTESIAN_POINT('',(-0.033125,0.018,-0.0215625));
#2911=CARTESIAN_POINT('',(-0.033125,0.018,0.033125));
#2912=CARTESIAN_POINT('',(-0.033125,0.018,0.033125));
#2913=CARTESIAN_POINT('',(-0.033125,0.0195,0.033125));
#2914=CARTESIAN_POINT('',(-0.033125,0.0195,-0.0215625));
#2915=CARTESIAN_POINT('',(-0.033125,0.0195,-0.033125));
#2916=CARTESIAN_POINT('',(-0.033125,0.018,-0.033125));
#2917=CARTESIAN_POINT('',(-0.033125,0.018,-0.033125));
#2918=CARTESIAN_POINT('',(-0.033125,0.018,-0.0215625));
#2919=CARTESIAN_POINT('',(-0.0165625,0.018,-0.043125));
#2920=CARTESIAN_POINT('',(-0.023125,0.018,-0.043125));
#2921=CARTESIAN_POINT('',(-0.023125,0.018,-0.043125));
#2922=CARTESIAN_POINT('',(-0.023125,0.0195,-0.043125));
#2923=CARTESIAN_POINT('',(-0.0165625,0.0195,-0.043125));
#2924=CARTESIAN_POINT('',(0.023125,0.0195,-0.043125));
#2925=CARTESIAN_POINT('',(0.023125,0.018,-0.043125));
#2926=CARTESIAN_POINT('',(0.023125,0.018,-0.043125));
#2927=CARTESIAN_POINT('',(-0.0165625,0.018,-0.043125));
#2928=CARTESIAN_POINT('',(0.033125,0.018,-0.0215625));
#2929=CARTESIAN_POINT('',(0.033125,0.02,-0.033125));
#2930=CARTESIAN_POINT('',(0.033125,0.018,-0.033125));
#2931=CARTESIAN_POINT('',(0.033125,0.0195,-0.033125));
#2932=CARTESIAN_POINT('',(0.033125,0.0195,0.033125));
#2933=CARTESIAN_POINT('',(0.033125,0.0195,0.033125));
#2934=CARTESIAN_POINT('',(0.033125,0.018,0.033125));
#2935=CARTESIAN_POINT('',(0.033125,0.018,0.033125));
#2936=CARTESIAN_POINT('',(0.033125,0.018,-0.0215625));
#2937=CARTESIAN_POINT('',(-0.0184375,0.018,-0.046875));
#2938=CARTESIAN_POINT('',(0.023125,0.02,-0.046875));
#2939=CARTESIAN_POINT('',(0.023125,0.018,-0.046875));
#2940=CARTESIAN_POINT('',(0.023125,0.0195,-0.046875));
#2941=CARTESIAN_POINT('',(-0.023125,0.0195,-0.046875));
#2942=CARTESIAN_POINT('',(-0.023125,0.0195,-0.046875));
#2943=CARTESIAN_POINT('',(-0.023125,0.018,-0.046875));
#2944=CARTESIAN_POINT('',(-0.023125,0.018,-0.046875));
#2945=CARTESIAN_POINT('',(-0.0184375,0.018,-0.046875));
#2946=CARTESIAN_POINT('',(-0.036875,0.018,-0.0234375));
#2947=CARTESIAN_POINT('',(-0.036875,0.02,-0.033125));
#2948=CARTESIAN_POINT('',(-0.036875,0.018,-0.033125));
#2949=CARTESIAN_POINT('',(-0.036875,0.0195,-0.033125));
#2950=CARTESIAN_POINT('',(-0.036875,0.0195,0.033125));
#2951=CARTESIAN_POINT('',(-0.036875,0.0195,0.033125));
#2952=CARTESIAN_POINT('',(-0.036875,0.018,0.033125));
#2953=CARTESIAN_POINT('',(-0.036875,0.018,0.033125));
#2954=CARTESIAN_POINT('',(-0.036875,0.018,-0.0234375));
#2955=CARTESIAN_POINT('',(-0.0184375,0.018,0.046875));
#2956=CARTESIAN_POINT('',(-0.023125,0.018,0.046875));
#2957=CARTESIAN_POINT('',(-0.023125,0.018,0.046875));
#2958=CARTESIAN_POINT('',(-0.023125,0.0195,0.046875));
#2959=CARTESIAN_POINT('',(-0.0184375,0.0195,0.046875));
#2960=CARTESIAN_POINT('',(0.023125,0.0195,0.046875));
#2961=CARTESIAN_POINT('',(0.023125,0.018,0.046875));
#2962=CARTESIAN_POINT('',(0.023125,0.018,0.046875));
#2963=CARTESIAN_POINT('',(-0.0184375,0.018,0.046875));
#2964=CARTESIAN_POINT('',(0.036875,0.018,0.0234375));
#2965=CARTESIAN_POINT('',(0.036875,0.018,0.033125));
#2966=CARTESIAN_POINT('',(0.036875,0.018,0.033125));
#2967=CARTESIAN_POINT('',(0.036875,0.0195,0.033125));
#2968=CARTESIAN_POINT('',(0.036875,0.0195,-0.033125));
#2969=CARTESIAN_POINT('',(0.036875,0.0195,-0.033125));
#2970=CARTESIAN_POINT('',(0.036875,0.018,-0.033125));
#2971=CARTESIAN_POINT('',(0.036875,0.018,-0.033125));
#2972=CARTESIAN_POINT('',(0.036875,0.018,0.0234375));
#2973=CARTESIAN_POINT('',(0.0165625,0.018,0.043125));
#2974=CARTESIAN_POINT('',(0.023125,0.02,0.043125));
#2975=CARTESIAN_POINT('',(0.023125,0.018,0.043125));
#2976=CARTESIAN_POINT('',(0.023125,0.0195,0.043125));
#2977=CARTESIAN_POINT('',(0.0165625,0.0195,0.043125));
#2978=CARTESIAN_POINT('',(-0.023125,0.0195,0.043125));
#2979=CARTESIAN_POINT('',(-0.023125,0.018,0.043125));
#2980=CARTESIAN_POINT('',(-0.023125,0.018,0.043125));
#2981=CARTESIAN_POINT('',(0.0165625,0.018,0.043125));
#2982=CARTESIAN_POINT('',(0.,0.018,0.));
#2983=CARTESIAN_POINT('',(0.023125,0.018,-0.033125));
#2984=CARTESIAN_POINT('',(-0.023125,0.018,-0.033125));
#2985=CARTESIAN_POINT('',(-0.023125,0.018,0.033125));
#2986=CARTESIAN_POINT('',(0.023125,0.018,0.033125));
#2987=CARTESIAN_POINT('',(-0.023125,0.018,-0.033125));
#2988=CARTESIAN_POINT('',(0.023125,0.018,-0.033125));
#2989=CARTESIAN_POINT('',(0.023125,0.018,0.033125));
#2990=CARTESIAN_POINT('',(-0.023125,0.018,0.033125));
#2991=CARTESIAN_POINT('',(0.,0.,0.));
#2992=CARTESIAN_POINT('',(3.46944695195361E-18,0.,-0.04));
#2993=CARTESIAN_POINT('',(-0.01925,0.,-0.04));
#2994=CARTESIAN_POINT('',(0.01925,0.,-0.04));
#2995=CARTESIAN_POINT('',(-0.01925,0.,-0.034625));
#2996=CARTESIAN_POINT('',(-0.01925,0.,-0.03125));
#2997=CARTESIAN_POINT('',(-0.02125,0.,-0.03125));
#2998=CARTESIAN_POINT('',(-0.02125,0.,-0.02925));
#2999=CARTESIAN_POINT('',(-0.024625,0.,-0.02925));
#3000=CARTESIAN_POINT('',(-0.03,0.,-0.02925));
#3001=CARTESIAN_POINT('',(-0.03,0.,1.7347234759768E-18));
#3002=CARTESIAN_POINT('',(-0.03,0.,0.02925));
#3003=CARTESIAN_POINT('',(-0.024625,0.,0.02925));
#3004=CARTESIAN_POINT('',(-0.02125,0.,0.02925));
#3005=CARTESIAN_POINT('',(-0.02125,0.,0.03125));
#3006=CARTESIAN_POINT('',(-0.01925,0.,0.03125));
#3007=CARTESIAN_POINT('',(-0.01925,0.,0.034625));
#3008=CARTESIAN_POINT('',(-0.01925,0.,0.04));
#3009=CARTESIAN_POINT('',(-3.46944695195361E-18,0.,0.04));
#3010=CARTESIAN_POINT('',(0.01925,0.,0.04));
#3011=CARTESIAN_POINT('',(0.01925,0.,0.034625));
#3012=CARTESIAN_POINT('',(0.01925,0.,0.03125));
#3013=CARTESIAN_POINT('',(0.02125,0.,0.03125));
#3014=CARTESIAN_POINT('',(0.02125,0.,0.02925));
#3015=CARTESIAN_POINT('',(0.024625,0.,0.02925));
#3016=CARTESIAN_POINT('',(0.03,0.,0.02925));
#3017=CARTESIAN_POINT('',(0.03,0.,0.));
#3018=CARTESIAN_POINT('',(0.03,0.,-0.02925));
#3019=CARTESIAN_POINT('',(0.024625,0.,-0.02925));
#3020=CARTESIAN_POINT('',(0.02125,0.,-0.02925));
#3021=CARTESIAN_POINT('',(0.02125,0.,-0.03125));
#3022=CARTESIAN_POINT('',(0.01925,0.,-0.03125));
#3023=CARTESIAN_POINT('',(0.01925,0.,-0.034625));
#3024=CARTESIAN_POINT('',(-3.46944695195361E-18,0.02,0.04));
#3025=CARTESIAN_POINT('',(-0.01925,0.02,0.04));
#3026=CARTESIAN_POINT('',(0.01925,0.02,0.04));
#3027=CARTESIAN_POINT('',(0.01925,0.02,0.034625));
#3028=CARTESIAN_POINT('',(0.01925,0.,0.03125));
#3029=CARTESIAN_POINT('',(0.02125,0.02,0.03125));
#3030=CARTESIAN_POINT('',(0.02125,0.02,0.02925));
#3031=CARTESIAN_POINT('',(0.024625,0.02,0.02925));
#3032=CARTESIAN_POINT('',(0.03,0.02,0.02925));
#3033=CARTESIAN_POINT('',(0.03,0.02,0.));
#3034=CARTESIAN_POINT('',(0.03,0.02,-0.02925));
#3035=CARTESIAN_POINT('',(0.024625,0.02,-0.02925));
#3036=CARTESIAN_POINT('',(0.02125,0.,-0.02925));
#3037=CARTESIAN_POINT('',(0.02125,0.02,-0.03125));
#3038=CARTESIAN_POINT('',(0.01925,0.02,-0.03125));
#3039=CARTESIAN_POINT('',(0.01925,0.02,-0.034625));
#3040=CARTESIAN_POINT('',(0.01925,0.02,-0.04));
#3041=CARTESIAN_POINT('',(3.46944695195361E-18,0.02,-0.04));
#3042=CARTESIAN_POINT('',(-0.01925,0.02,-0.04));
#3043=CARTESIAN_POINT('',(-0.01925,0.02,-0.034625));
#3044=CARTESIAN_POINT('',(-0.01925,0.,-0.03125));
#3045=CARTESIAN_POINT('',(-0.02125,0.02,-0.03125));
#3046=CARTESIAN_POINT('',(-0.02125,0.02,-0.02925));
#3047=CARTESIAN_POINT('',(-0.024625,0.02,-0.02925));
#3048=CARTESIAN_POINT('',(-0.03,0.02,-0.02925));
#3049=CARTESIAN_POINT('',(-0.03,0.02,1.7347234759768E-18));
#3050=CARTESIAN_POINT('',(-0.03,0.02,0.02925));
#3051=CARTESIAN_POINT('',(-0.024625,0.02,0.02925));
#3052=CARTESIAN_POINT('',(-0.02125,0.,0.02925));
#3053=CARTESIAN_POINT('',(-0.02125,0.02,0.03125));
#3054=CARTESIAN_POINT('',(-0.01925,0.02,0.03125));
#3055=CARTESIAN_POINT('',(-0.01925,0.02,0.034625));
#3056=CARTESIAN_POINT('',(0.023125,0.018,0.033125));
#3057=CARTESIAN_POINT('',(0.023125,0.0195,0.033125));
#3058=CARTESIAN_POINT('',(-0.023125,0.018,0.033125));
#3059=CARTESIAN_POINT('',(-0.023125,0.0195,0.033125));
#3060=CARTESIAN_POINT('',(-0.023125,0.018,-0.033125));
#3061=CARTESIAN_POINT('',(-0.023125,0.0195,-0.033125));
#3062=CARTESIAN_POINT('',(0.023125,0.018,-0.033125));
#3063=CARTESIAN_POINT('',(0.023125,0.0195,-0.033125));
#3064=CARTESIAN_POINT('',(0.023125,0.018,-0.033125));
#3065=CARTESIAN_POINT('',(0.023125,0.0195,-0.033125));
#3066=CARTESIAN_POINT('',(-0.023125,0.018,-0.033125));
#3067=CARTESIAN_POINT('',(-0.023125,0.0195,-0.033125));
#3068=CARTESIAN_POINT('',(-0.023125,0.018,0.033125));
#3069=CARTESIAN_POINT('',(-0.023125,0.0195,0.033125));
#3070=CARTESIAN_POINT('',(0.023125,0.018,0.033125));
#3071=CARTESIAN_POINT('',(0.023125,0.0195,0.033125));
#3072=CARTESIAN_POINT('',(-0.024625,0.014,-0.034625));
#3073=CARTESIAN_POINT('',(-0.024625,0.0195,-0.034625));
#3074=CARTESIAN_POINT('',(-0.022475,0.0195,-0.034625));
#3075=CARTESIAN_POINT('',(-0.024625,0.014,-0.034625));
#3076=CARTESIAN_POINT('',(-0.022475,0.014,-0.034625));
#3077=CARTESIAN_POINT('',(6.93889390390723E-18,0.014,0.));
#3078=CARTESIAN_POINT('',(0.024625,0.014,0.034625));
#3079=CARTESIAN_POINT('',(0.024625,0.0195,0.034625));
#3080=CARTESIAN_POINT('',(0.026775,0.0195,0.034625));
#3081=CARTESIAN_POINT('',(0.024625,0.014,0.034625));
#3082=CARTESIAN_POINT('',(0.026775,0.014,0.034625));
#3083=CARTESIAN_POINT('',(6.93889390390723E-18,0.014,0.));
#3084=CARTESIAN_POINT('',(-0.024625,0.014,0.034625));
#3085=CARTESIAN_POINT('',(-0.024625,0.0195,0.034625));
#3086=CARTESIAN_POINT('',(-0.022475,0.0195,0.034625));
#3087=CARTESIAN_POINT('',(-0.024625,0.014,0.034625));
#3088=CARTESIAN_POINT('',(-0.022475,0.014,0.034625));
#3089=CARTESIAN_POINT('',(6.93889390390723E-18,0.014,0.));
#3090=CARTESIAN_POINT('',(0.024625,0.014,-0.034625));
#3091=CARTESIAN_POINT('',(0.024625,0.0195,-0.034625));
#3092=CARTESIAN_POINT('',(0.026775,0.0195,-0.034625));
#3093=CARTESIAN_POINT('',(0.024625,0.014,-0.034625));
#3094=CARTESIAN_POINT('',(0.026775,0.014,-0.034625));
#3095=CARTESIAN_POINT('',(6.93889390390723E-18,0.014,0.));
#3096=CARTESIAN_POINT('',(0.024625,0.0195,0.034625));
#3097=CARTESIAN_POINT('',(-0.024625,0.02,0.034625));
#3098=CARTESIAN_POINT('',(0.024625,0.02,-0.034625));
#3099=CARTESIAN_POINT('',(-0.024625,0.0195,-0.034625));
#3100=CARTESIAN_POINT('',(0.,0.02,0.047375));
#3101=CARTESIAN_POINT('',(-0.023125,0.02,0.047375));
#3102=CARTESIAN_POINT('',(0.023125,0.0195,0.046875));
#3103=CARTESIAN_POINT('',(0.023125,0.02,0.033125));
#3104=CARTESIAN_POINT('',(0.036875,0.0195,0.033125));
#3105=CARTESIAN_POINT('',(-0.023125,0.02,0.033125));
#3106=CARTESIAN_POINT('',(-0.037375,0.02,0.033125));
#3107=CARTESIAN_POINT('',(0.036875,0.0195,0.0234375));
#3108=CARTESIAN_POINT('',(0.036875,0.0195,-0.033125));
#3109=CARTESIAN_POINT('',(-0.036875,0.0195,-0.0234375));
#3110=CARTESIAN_POINT('',(-0.037375,0.02,-0.033125));
#3111=CARTESIAN_POINT('',(0.023125,0.02,-0.033125));
#3112=CARTESIAN_POINT('',(0.023125,0.0195,-0.046875));
#3113=CARTESIAN_POINT('',(-0.023125,0.02,-0.033125));
#3114=CARTESIAN_POINT('',(-0.023125,0.02,-0.047375));
#3115=CARTESIAN_POINT('',(-0.0184375,0.0195,-0.046875));
#3116=CARTESIAN_POINT('',(0.,0.02,0.042625));
#3117=CARTESIAN_POINT('',(-0.023125,0.0195,0.043125));
#3118=CARTESIAN_POINT('',(0.023125,0.02,0.042625));
#3119=CARTESIAN_POINT('',(0.023125,0.02,0.033125));
#3120=CARTESIAN_POINT('',(0.032625,0.02,0.033125));
#3121=CARTESIAN_POINT('',(-0.023125,0.02,0.033125));
#3122=CARTESIAN_POINT('',(-0.033125,0.0195,0.033125));
#3123=CARTESIAN_POINT('',(0.033125,0.0195,-0.0215625));
#3124=CARTESIAN_POINT('',(0.032625,0.02,-0.033125));
#3125=CARTESIAN_POINT('',(-0.032625,0.02,0.));
#3126=CARTESIAN_POINT('',(-0.033125,0.0195,-0.033125));
#3127=CARTESIAN_POINT('',(0.023125,0.02,-0.033125));
#3128=CARTESIAN_POINT('',(0.023125,0.02,-0.042625));
#3129=CARTESIAN_POINT('',(-0.023125,0.02,-0.033125));
#3130=CARTESIAN_POINT('',(-0.023125,0.0195,-0.043125));
#3131=CARTESIAN_POINT('',(0.,0.02,-0.042625));
#3132=CARTESIAN_POINT('',(-0.025,0.02,-0.035));
#3133=CARTESIAN_POINT('',(0.025,0.02,-0.035));
#3134=CARTESIAN_POINT('',(0.025,0.02,0.035));
#3135=CARTESIAN_POINT('',(-0.025,0.02,0.035));
#3136=CARTESIAN_POINT('',(0.0435477630373141,-0.0224767003330676,0.0413992713210106));
#3137=MECHANICAL_DESIGN_GEOMETRIC_PRESENTATION_REPRESENTATION('',(#1835,
#1836),#3138);
#3138=(
GEOMETRIC_REPRESENTATION_CONTEXT(3)
GLOBAL_UNCERTAINTY_ASSIGNED_CONTEXT((#3141))
GLOBAL_UNIT_ASSIGNED_CONTEXT((#3146,#3145,#3144))
REPRESENTATION_CONTEXT('main_assembly','TOP_LEVEL_ASSEMBLY_PART')
);
#3139=(
GEOMETRIC_REPRESENTATION_CONTEXT(3)
GLOBAL_UNCERTAINTY_ASSIGNED_CONTEXT((#3142))
GLOBAL_UNIT_ASSIGNED_CONTEXT((#3146,#3145,#3144))
REPRESENTATION_CONTEXT('casing_lid','COMPONENT_PART')
);
#3140=(
GEOMETRIC_REPRESENTATION_CONTEXT(3)
GLOBAL_UNCERTAINTY_ASSIGNED_CONTEXT((#3143))
GLOBAL_UNIT_ASSIGNED_CONTEXT((#3146,#3145,#3144))
REPRESENTATION_CONTEXT('casing_bottom','COMPONENT_PART')
);
#3141=UNCERTAINTY_MEASURE_WITH_UNIT(LENGTH_MEASURE(1.E-8),#3146,
'DISTANCE_ACCURACY_VALUE','Maximum Tolerance applied to model');
#3142=UNCERTAINTY_MEASURE_WITH_UNIT(LENGTH_MEASURE(1.E-8),#3146,
'DISTANCE_ACCURACY_VALUE','Maximum Tolerance applied to model');
#3143=UNCERTAINTY_MEASURE_WITH_UNIT(LENGTH_MEASURE(1.E-8),#3146,
'DISTANCE_ACCURACY_VALUE','Maximum Tolerance applied to model');
#3144=(
NAMED_UNIT(*)
SI_UNIT($,.STERADIAN.)
SOLID_ANGLE_UNIT()
);
#3145=(
NAMED_UNIT(*)
PLANE_ANGLE_UNIT()
SI_UNIT($,.RADIAN.)
);
#3146=(
LENGTH_UNIT()
NAMED_UNIT(*)
SI_UNIT($,.METRE.)
);
#3147=PRODUCT_DEFINITION_SHAPE('','',#3152);
#3148=PRODUCT_DEFINITION_SHAPE('','',#3153);
#3149=PRODUCT_DEFINITION_SHAPE(' ','NAUO PRDDFN',#12);
#3150=PRODUCT_DEFINITION_SHAPE('','',#3154);
#3151=PRODUCT_DEFINITION_SHAPE(' ','NAUO PRDDFN',#13);
#3152=PRODUCT_DEFINITION('','',#3158,#3155);
#3153=PRODUCT_DEFINITION('','',#3159,#3156);
#3154=PRODUCT_DEFINITION('','',#3160,#3157);
#3155=PRODUCT_DEFINITION_CONTEXT('',#3174,'design');
#3156=PRODUCT_DEFINITION_CONTEXT('',#3174,'design');
#3157=PRODUCT_DEFINITION_CONTEXT('',#3174,'design');
#3158=PRODUCT_DEFINITION_FORMATION_WITH_SPECIFIED_SOURCE('','',#3164,
 .NOT_KNOWN.);
#3159=PRODUCT_DEFINITION_FORMATION_WITH_SPECIFIED_SOURCE('','',#3165,
 .NOT_KNOWN.);
#3160=PRODUCT_DEFINITION_FORMATION_WITH_SPECIFIED_SOURCE('','',#3166,
 .NOT_KNOWN.);
#3161=PRODUCT_RELATED_PRODUCT_CATEGORY('','',(#3164));
#3162=PRODUCT_RELATED_PRODUCT_CATEGORY('','',(#3165));
#3163=PRODUCT_RELATED_PRODUCT_CATEGORY('','',(#3166));
#3164=PRODUCT('main_assembly','main_assembly','main_assembly',(#3170));
#3165=PRODUCT('casing_lid','casing_lid','casing_lid',(#3171));
#3166=PRODUCT('casing_bottom','casing_bottom','casing_bottom',(#3172));
#3167=PRODUCT_CATEGORY('','');
#3168=PRODUCT_CATEGORY('','');
#3169=PRODUCT_CATEGORY('','');
#3170=PRODUCT_CONTEXT('',#3174,'mechanical');
#3171=PRODUCT_CONTEXT('',#3174,'mechanical');
#3172=PRODUCT_CONTEXT('',#3174,'mechanical');
#3173=APPLICATION_PROTOCOL_DEFINITION('international standard',
'ap242_managed_model_based_3d_engineering',2020,#3174);
#3174=APPLICATION_CONTEXT('managed model based 3d engineering');
ENDSEC;
END-ISO-10303-21;
